imo,name,vessel_type,dwt,capacity,loading_status,operation,berth_id,origin_port,dest_port,first_seen,last_seen,dwell_hours
9864394,PAN QUEST,BULK,63245,78326,ballast,LOADING,B67,Antwerp,Alexandria,2026-04-19T19:59:02.734891+00:00,2026-04-19T21:55:18.141409+00:00,1.94
8103377,MARMARA S,MPP,7450,,laden,UNLOADING,B20,Zeytinburnu,Alat,2026-04-19T19:59:02.734891+00:00,2026-04-19T22:21:55.526270+00:00,2.38
9402615,MAERSK NEWARK,CONT,33726,,laden,UNLOADING,B73,El Dekheila,Alexandria,2026-04-19T19:59:02.734891+00:00,2026-04-19T23:00:04.767999+00:00,3.02
9148104,AGN RAGNAR,MPP,3433,4026,ballast,LOADING,B13,Alexandria,Alexandria,2026-04-19T19:59:02.734891+00:00,2026-04-20T04:33:32.409932+00:00,8.57
1051692,DURU D,BULK,7829,,,AT_BERTH,B82,Haldia,Alexandria,2026-04-19T19:59:02.734891+00:00,2026-04-20T07:08:05.380635+00:00,11.15
9736042,AMIRA NORA,MPP,33399,43205,laden,UNLOADING,B20,Zeytinburnu,Alexandria,2026-04-20T11:00:16.739887+00:00,2026-04-20T17:46:45.750815+00:00,6.77
1016563,JOANNA BORCHARD,CONT,17500,,,AT_BERTH,B54,Ashdod,Alexandria,2026-04-19T19:59:02.734891+00:00,2026-04-20T18:46:15.419315+00:00,22.79
9415997,AL BIDDA,CONT,12542,,laden,UNLOADING,B54,Izmir,Alexandria,2026-04-20T19:51:56.481379+00:00,2026-04-20T20:33:32.067590+00:00,0.69
9415997,AL BIDDA,CONT,12542,,laden,UNLOADING,B54,Izmir,Alexandria,2026-04-20T22:31:29.846549+00:00,2026-04-21T01:14:31.703928+00:00,2.72
9106493,MED DENIZLI,CONT,13623,,laden,UNLOADING,B51,Amchit,Alexandria,2026-04-19T19:59:02.734891+00:00,2026-04-21T04:23:40.917144+00:00,32.41
9061265,ARCHERFISH,CONT,6153,7570,laden,UNLOADING,B53,Sanko,Alexandria,2026-04-19T19:59:02.734891+00:00,2026-04-21T06:17:37.136502+00:00,34.31
9109964,GOZO,BULK,28429,37523,laden,UNLOADING,B25,Zeytinburnu,Alexandria,2026-04-19T19:59:02.734891+00:00,2026-04-21T06:17:37.136502+00:00,34.31
9961350,CMA CGM ALTAMIRA,CONT,25000,,,AT_BERTH,BALEXANDRIA OFFSHORE BERTH,Limassol,Alexandria,2026-04-19T21:55:18.141409+00:00,2026-04-21T06:17:37.136502+00:00,32.37
9385178,VALSESIA,TANK,37481,,laden,UNLOADING,B87_5,Barcelona,Alexandria,2026-04-19T19:59:02.734891+00:00,2026-04-21T09:56:27.500954+00:00,37.96
9192478,NORA MAERSK,CONT,30194,,laden,UNLOADING,B73,Haifa,Alexandria,2026-04-20T01:16:59.425007+00:00,2026-04-21T11:58:43.475401+00:00,34.7
9415997,AL BIDDA,CONT,12542,,laden,UNLOADING,B54,Izmir,Alexandria,2026-04-21T09:56:27.500954+00:00,2026-04-21T11:58:43.475401+00:00,2.04
9040948,RECEP KURU,MPP,5048,6761,ballast,LOADING,B38,Larnaca,Alexandria,2026-04-19T19:59:02.734891+00:00,2026-04-21T13:19:31.733463+00:00,41.34
9572563,GAZ HORIZON,TANK,6519,,laden,UNLOADING,B87_4,Eleusis,Alexandria,2026-04-20T17:46:45.750815+00:00,2026-04-21T14:55:21.421426+00:00,21.14
9303510,FORTUNE PROSPERITY,BULK,77747,92152,laden,UNLOADING,B71,Zeytinburnu,Alexandria,2026-04-21T10:58:59.268383+00:00,2026-04-21T14:55:21.421426+00:00,3.94
9882528,CMA CGM ADONIS,CONT,156500,,laden,UNLOADING,BALEXANDRIA OFFSHORE BERTH,Mersin,Alexandria,2026-04-19T19:59:02.734891+00:00,2026-04-21T16:01:40.653438+00:00,44.04
9236987,AL NABILA 6,TANK,34810,,laden,UNLOADING,B87_3,Sadat,Suez,2026-04-19T19:59:02.734891+00:00,2026-04-21T16:01:40.653438+00:00,44.04
9415997,AL BIDDA,CONT,12542,,laden,UNLOADING,B53,Izmir,Alexandria,2026-04-21T13:19:31.733463+00:00,2026-04-21T16:01:40.653438+00:00,2.7
9143702,GRAN BRETAGNA,CAR,18461,,ballast,LOADING,B22,Monfalcone,Alexandria,2026-04-21T08:13:24.042132+00:00,2026-04-21T18:52:38.921111+00:00,10.65
9214721,DAY DREAM,MPP,6432,7200,laden,UNLOADING,B11,Aveiro,Alexandria,2026-04-20T19:51:56.481379+00:00,2026-04-21T18:52:38.921111+00:00,23.01
9427380,BOLTEN SYMI,MPP,25951,30736,laden,UNLOADING,B20,Gibraltar,Alexandria,2026-04-21T13:19:31.733463+00:00,2026-04-21T19:57:13.456934+00:00,6.63
9415997,AL BIDDA,CONT,12542,,laden,UNLOADING,B54,Izmir,Alexandria,2026-04-21T17:31:37.191004+00:00,2026-04-21T23:56:11.408772+00:00,6.41
9169732,DILEK,MPP,4490,5661,laden,UNLOADING,B42,Pendik,Alexandria,2026-04-19T19:59:02.734891+00:00,2026-04-22T01:25:22.081351+00:00,53.44
9242297,VENTO DI MELTEMI,CONT,17138,,laden,UNLOADING,BALEXANDRIA OFFSHORE BERTH,Mersin,Alexandria,2026-04-21T13:19:31.733463+00:00,2026-04-22T04:22:09.861518+00:00,15.04
9420813,DIAMANTGRACHT,MPP,17966,21670,laden,UNLOADING,B66,Mersin,Alexandria,2026-04-20T18:46:15.419315+00:00,2026-04-22T04:22:09.861518+00:00,33.6
9016090,AZZA H,MPP,4207,5273.88,laden,UNLOADING,B14,Gulluk,Alexandria,2026-04-19T19:59:02.734891+00:00,2026-04-22T11:57:58.051515+00:00,63.98
7500580,SMSM,MPP,7509,7901,laden,UNLOADING,B11,Mersin,ALEX]==<][<,2026-04-19T19:59:02.734891+00:00,2026-04-22T11:57:58.051515+00:00,63.98
9214721,DAY DREAM,MPP,6432,7200,laden,UNLOADING,B11,Aveiro,Alexandria,2026-04-21T20:41:53.416745+00:00,2026-04-22T11:57:58.051515+00:00,15.27
9165695,DON,BULK,18367,24017,laden,UNLOADING,B28,Zeytinburnu,El Dekheila,2026-04-19T19:59:02.734891+00:00,2026-04-22T15:59:52.273909+00:00,68.01
9775775,VUOKSI MAERSK,CONT,40000,,laden,UNLOADING,B73,Haifa,Alexandria,2026-04-21T14:55:21.421426+00:00,2026-04-22T17:01:06.926992+00:00,26.1
9406037,NEW BORN,BULK,30438,40770,laden,UNLOADING,B39,Icdas Port,Alexandria,2026-04-19T19:59:02.734891+00:00,2026-04-22T17:01:06.926992+00:00,69.03
9214721,DAY DREAM,MPP,6432,7200,laden,UNLOADING,B10,Aveiro,Alexandria,2026-04-22T15:59:52.273909+00:00,2026-04-22T17:01:06.926992+00:00,1.02
9000742,MSC JENNY II,CONT,32984,,laden,UNLOADING,B51,Haifa,Alexandria,2026-04-21T13:19:31.733463+00:00,2026-04-22T18:36:12.451285+00:00,29.28
9396622,CMA CGM EAST,CONT,17215,,laden,UNLOADING,BALEXANDRIA OFFSHORE BERTH,Gemlik,Piraeus,2026-04-22T11:57:58.051515+00:00,2026-04-22T20:50:15.082177+00:00,8.87
9298428,TAJ,BULK,2846,,ballast,LOADING,B26,Tartous,Alexandria,2026-04-19T19:59:02.734891+00:00,2026-04-23T04:26:07.642455+00:00,80.45
9415947,WANDA A,CONT,26054,,laden,UNLOADING,B54,Salerno,Alexandria,2026-04-22T04:22:09.861518+00:00,2026-04-23T06:21:23.191035+00:00,25.99
9101534,MONA,MPP,7184,8863,laden,UNLOADING,B82,Zeytinburnu,Alexandria,2026-04-20T07:08:05.380635+00:00,2026-04-23T06:21:23.191035+00:00,71.22
9248526,CAPE MAYA,BULK,172422,191720,laden,UNLOADING,BALEXANDRIA OFFSHORE BERTH,Ust-Luga,Mormugao,2026-04-23T04:26:07.642455+00:00,2026-04-23T06:21:23.191035+00:00,1.92
9214721,DAY DREAM,MPP,6432,7200,laden,UNLOADING,B11,Aveiro,Alexandria,2026-04-22T18:36:12.451285+00:00,2026-04-23T11:35:18.660917+00:00,16.99
9137234,KAPITAN SHYRIAGIN,MPP,6258,4930,ballast,LOADING,B20,Pendik,Alexandria,2026-04-23T04:26:07.642455+00:00,2026-04-23T12:53:15.403547+00:00,8.45
9760055,CHRISTINA V,BULK,66653,83102,ballast,LOADING,B85_1,Mersin,El Dekheila,2026-04-19T19:59:02.734891+00:00,2026-04-23T15:05:16.089981+00:00,91.1
9011985,FILIKCI 3,MPP,1323,2210,laden,UNLOADING,B43,Civitavecchia,Alexandria,2026-04-22T15:59:52.273909+00:00,2026-04-23T18:02:28.194258+00:00,26.04
9620956,BAHRI HOFUF,MPP,25957,,laden,UNLOADING,B40,Suez,Alexandria,2026-04-23T11:35:18.660917+00:00,2026-04-23T18:02:28.194258+00:00,6.45
9964596,CUL SHEKOU,CONT,34230,,,AT_BERTH,B73,Adabiya,Alexandria,2026-04-22T19:58:10.686881+00:00,2026-04-23T18:02:28.194258+00:00,22.07
9006265,MINEVA 3,MPP,3640,4631,laden,UNLOADING,B53,Qasr Ahmed,Alexandria,2026-04-23T04:26:07.642455+00:00,2026-04-23T19:46:13.628755+00:00,15.33
9216107,EGY CROWN,CONT,18425,,laden,UNLOADING,B73,Port Said,Alexandria,2026-04-23T19:46:13.628755+00:00,2026-04-23T20:41:28.214616+00:00,0.92
9138381,GRANDE EUROPA,CAR,26000,,laden,UNLOADING,B22,Piraeus,Alexandria,2026-04-22T23:35:53.212289+00:00,2026-04-23T21:35:11.145032+00:00,21.99
9021095,BSN VOYAGER,MPP,4557,5663,ballast,LOADING,B35,Larnaca,Alexandria,2026-04-19T19:59:02.734891+00:00,2026-04-23T21:35:11.145032+00:00,97.6
9006265,MINEVA 3,MPP,3640,4631,laden,UNLOADING,B53,Qasr Ahmed,Alexandria,2026-04-23T21:35:11.145032+00:00,2026-04-23T23:33:51.950489+00:00,1.98
9938298,CMA CGM AMAZONIA,CONT,145650,,,AT_BERTH,BALEXANDRIA OFFSHORE BERTH,Amchit,Alexandria,2026-04-21T18:52:38.921111+00:00,2026-04-24T06:25:33.915797+00:00,59.55
9278600,BARENTS,MPP,4303,6371,,AT_BERTH,B44,El Dekheila,Alexandria,2026-04-24T06:25:33.915797+00:00,2026-04-24T08:27:07.434636+00:00,2.03
9216107,EGY CROWN,CONT,18425,,laden,UNLOADING,B73,Port Said,Alexandria,2026-04-23T22:31:30.180945+00:00,2026-04-24T08:27:07.434636+00:00,9.93
9239288,SEADRAGON,MPP,10500,14693,laden,UNLOADING,B49,Izmir,Alexandria,2026-04-22T20:50:15.082177+00:00,2026-04-24T11:37:29.411482+00:00,38.79
9490715,ILIANA,BULK,58018,71549,laden,UNLOADING,B37,Marsaxlokk,El Dekheila,2026-04-19T19:59:02.734891+00:00,2026-04-24T11:37:29.411482+00:00,111.64
9940734,CHEMICAL FRONTIER,TANK,14300,,,AT_BERTH,B87_4,Syros Island,Alexandria,2026-04-23T11:35:18.660917+00:00,2026-04-24T11:37:29.411482+00:00,24.04
7810208,LUCY J,MPP,6105,,,AT_BERTH,B16,Zeytinburnu,Alexandria,2026-04-24T11:37:29.411482+00:00,2026-04-24T14:26:17.964537+00:00,2.81
9248916,MEHMET KAHVECI A,CONT,18832,,laden,UNLOADING,B54,Ambarli,Alexandria,2026-04-23T12:53:15.403547+00:00,2026-04-24T14:26:17.964537+00:00,25.55
9996915,MAASVLIET,MPP,3800,,,AT_BERTH,B47,Las Palmas,Morro del Jable,2026-04-20T09:22:32.663110+00:00,2026-04-24T14:26:17.964537+00:00,101.06
9216107,EGY CROWN,CONT,18425,,laden,UNLOADING,B73,Port Said,Alexandria,2026-04-24T11:37:29.411482+00:00,2026-04-24T14:26:17.964537+00:00,2.81
9864394,PAN QUEST,BULK,63245,78326,ballast,LOADING,B68,Antwerp,Alexandria,2026-04-19T22:21:55.526270+00:00,2026-04-24T15:44:33.729932+00:00,113.38
1018391,AICC FENGHUANG,CAR,18500,,,AT_BERTH,B39,Adabiya,Alexandria,2026-04-24T04:29:43.048021+00:00,2026-04-24T15:44:33.729932+00:00,11.25
8914295,NOUR 1,MPP,4245,5210,laden,UNLOADING,B11,Kalymnos,Alexandria,2026-04-23T08:15:02.713908+00:00,2026-04-24T16:45:36.162522+00:00,32.51
9278600,BARENTS,MPP,4303,6371,,AT_BERTH,B43,El Dekheila,Alexandria,2026-04-24T10:00:16.216267+00:00,2026-04-24T17:41:18.047458+00:00,7.68
9996915,MAASVLIET,MPP,3800,,,AT_BERTH,B47,Las Palmas,Alexandria,2026-04-24T16:45:36.162522+00:00,2026-04-24T18:33:46.134957+00:00,1.8
9267742,OCEAN7 REVOLUTION,MPP,10581,13875,laden,UNLOADING,B42,Haydarpasa,Alexandria,2026-04-22T11:57:58.051515+00:00,2026-04-24T18:33:46.134957+00:00,54.6
8853673,M/T MARGIE,TANK,1056,,,AT_BERTH,B12,Benghazi,Damietta,2026-04-22T14:54:41.544120+00:00,2026-04-24T20:33:15.750839+00:00,53.64
9278600,BARENTS,MPP,4303,6371,,AT_BERTH,B43,El Dekheila,Alexandria,2026-04-24T19:41:54.805829+00:00,2026-04-24T21:36:24.434515+00:00,1.91
9216107,EGY CROWN,CONT,18425,,laden,UNLOADING,B73,Port Said,Alexandria,2026-04-24T18:33:46.134957+00:00,2026-04-24T23:07:19.382933+00:00,4.56
9173355,GOLDEN SEA,BULK,15962,17634,ballast,LOADING,B68,Zeytinburnu,Alexandria,2026-04-19T19:59:02.734891+00:00,2026-04-24T23:59:25.038348+00:00,124.01
9238076,ONUR G A,CONT,19915,,laden,UNLOADING,BALEXANDRIA OFFSHORE BERTH,Latakia,Alexandria,2026-04-24T10:00:16.216267+00:00,2026-04-24T23:59:25.038348+00:00,13.99
9919606,CPC IV,TANK,1681,,,AT_BERTH,B86,El Dekheila,Alexandria,2026-04-19T19:59:02.734891+00:00,2026-04-24T23:59:25.038348+00:00,124.01
1028188,NORD BAY,BULK,64000,81431.5,,AT_BERTH,B67,Gibraltar,Alexandria,2026-04-20T01:16:59.425007+00:00,2026-04-24T23:59:25.038348+00:00,118.71
9278600,BARENTS,MPP,4303,6371,,AT_BERTH,B44,El Dekheila,Alexandria,2026-04-24T22:29:52.177808+00:00,2026-04-24T23:59:25.038348+00:00,1.49
9216107,EGY CROWN,CONT,18425,,laden,UNLOADING,B73,Port Said,Alexandria,2026-04-25T02:23:25.530297+00:00,2026-04-25T04:57:42.502289+00:00,2.57
9406037,NEW BORN,BULK,30438,40770,laden,UNLOADING,B27,Icdas Port,Alexandria,2026-04-22T18:36:12.451285+00:00,2026-04-25T04:57:42.502289+00:00,58.36
9278600,BARENTS,MPP,4303,6371,,AT_BERTH,B44,El Dekheila,Alexandria,2026-04-25T04:57:42.502289+00:00,2026-04-25T06:18:08.872522+00:00,1.34
9406037,NEW BORN,BULK,30438,40770,laden,UNLOADING,B35,Icdas Port,Alexandria,2026-04-25T06:18:08.872522+00:00,2026-04-25T07:49:05.213166+00:00,1.52
9182411,MNTALOS,MPP,6374,9386,laden,UNLOADING,B10,Gelibolu,Alexandria,2026-04-25T07:49:05.213166+00:00,2026-04-25T08:38:42.635405+00:00,0.83
9278600,BARENTS,MPP,4303,6371,,AT_BERTH,B43,El Dekheila,Alexandria,2026-04-25T07:49:05.213166+00:00,2026-04-25T10:32:15.914537+00:00,2.72
9203904,MSC BELLE,CONT,14065,19772,laden,UNLOADING,B54,Assan Port,Alexandria,2026-04-24T18:33:46.134957+00:00,2026-04-25T11:29:03.814795+00:00,16.92
9406037,NEW BORN,BULK,30438,40770,laden,UNLOADING,B27,Icdas Port,Alexandria,2026-04-25T08:38:42.635405+00:00,2026-04-25T12:01:16.463398+00:00,3.38
9506150,GAZ EXPLORER,TANK,10266,,ballast,LOADING,B87_3,Galatz,Alexandria,2026-04-23T10:00:53.655294+00:00,2026-04-25T12:01:16.463398+00:00,50.01
9127538,EGY FUTURE,CONT,18425,,laden,UNLOADING,B73,Limassol,Alexandria,2026-04-25T11:29:03.814795+00:00,2026-04-25T12:01:16.463398+00:00,0.54
9538658,CMA CGM NANSHA,CONT,84153,,laden,UNLOADING,BALEXANDRIA OFFSHORE BERTH,Advansa Sasa Terminal,Alexandria,2026-04-23T10:00:53.655294+00:00,2026-04-25T16:04:35.717248+00:00,54.06
9173355,GOLDEN SEA,BULK,15962,17634,ballast,LOADING,B68,Zeytinburnu,Alexandria,2026-04-25T07:49:05.213166+00:00,2026-04-25T17:04:52.532764+00:00,9.26
9127538,EGY FUTURE,CONT,18425,,laden,UNLOADING,B72,Limassol,Alexandria,2026-04-25T15:29:25.862940+00:00,2026-04-25T17:59:59.575150+00:00,2.51
9839818,BULK ANTIGUA,BULK,61602,77546,laden,UNLOADING,B20,Arroyo Seco,Alexandria,2026-04-25T13:41:17.304360+00:00,2026-04-25T19:35:58.355920+00:00,5.91
1018092,ALONDRA,BULK,63500,78325.8,,AT_BERTH,B25,Gibraltar,Alexandria,2026-04-21T18:52:38.921111+00:00,2026-04-25T19:35:58.355920+00:00,96.72
9304318,NQ ROSA,TANK,8807,,ballast,LOADING,B13,Priolo,Alexandria,2026-04-21T13:19:31.733463+00:00,2026-04-25T19:35:58.355920+00:00,102.27
9127538,EGY FUTURE,CONT,18425,,laden,UNLOADING,B73,Limassol,Alexandria,2026-04-25T18:54:09.017769+00:00,2026-04-25T19:35:58.355920+00:00,0.7
9182411,MNTALOS,MPP,6374,9386,laden,UNLOADING,B10,Gelibolu,Alexandria,2026-04-25T10:32:15.914537+00:00,2026-04-25T19:35:58.355920+00:00,9.06
8853673,M/T MARGIE,TANK,1056,,,AT_BERTH,B12,Benghazi,Damietta,2026-04-25T02:23:25.530297+00:00,2026-04-25T22:42:51.885450+00:00,20.32
9498315,LILA II,BULK,34604,45538,laden,UNLOADING,B37,Zeytinburnu,Alexandria,2026-04-25T10:32:15.914537+00:00,2026-04-25T22:42:51.885450+00:00,12.18
9173355,GOLDEN SEA,BULK,15962,17634,ballast,LOADING,B68,Zeytinburnu,Alexandria,2026-04-25T19:35:58.355920+00:00,2026-04-25T23:09:54.761518+00:00,3.57
1028188,NORD BAY,BULK,64000,81431.5,,AT_BERTH,B67,Gibraltar,Alexandria,2026-04-25T07:49:05.213166+00:00,2026-04-25T23:09:54.761518+00:00,15.35
9208198,OSLO WAVE 3,MPP,17539,19828,laden,UNLOADING,B16,Donso,Alexandria,2026-04-25T08:38:42.635405+00:00,2026-04-25T23:09:54.761518+00:00,14.52
9498315,LILA II,BULK,34604,45538,laden,UNLOADING,B38,Zeytinburnu,Alexandria,2026-04-25T23:09:54.761518+00:00,2026-04-25T23:43:03.826823+00:00,0.55
8853673,M/T MARGIE,TANK,1056,,,AT_BERTH,B12,Benghazi,Damietta,2026-04-25T23:43:03.826823+00:00,2026-04-26T03:42:35.288762+00:00,3.99
9378254,JOY EXPRESS,MPP,8378,11757,laden,UNLOADING,B41,Zeytinburnu,Alexandria,2026-04-20T09:22:32.663110+00:00,2026-04-26T03:42:35.288762+00:00,138.33
9182411,MNTALOS,MPP,6374,9386,laden,UNLOADING,B10,Gelibolu,Alexandria,2026-04-25T21:09:14.973445+00:00,2026-04-26T03:42:35.288762+00:00,6.56
8914295,NOUR 1,MPP,4245,5210,laden,UNLOADING,B11,Kalymnos,Alexandria,2026-04-24T18:33:46.134957+00:00,2026-04-26T06:32:22.672584+00:00,35.98
1016587,RACHEL BORCHARD,CONT,13300,,,AT_BERTH,B54,Haifa,Alexandria,2026-04-25T14:34:07.473556+00:00,2026-04-26T08:03:51.563446+00:00,17.5
9242560,AMELIE BORCHARD,CONT,11367,,laden,UNLOADING,B53,Advansa Sasa Terminal,Alexandria,2026-04-26T10:13:52.842908+00:00,2026-04-26T10:44:10.025064+00:00,0.5
9460825,DILOS,TANK,4593,,laden,UNLOADING,B36,Port Said,Alexandria,2026-04-26T11:13:29.181060+00:00,2026-04-26T12:08:27.860943+00:00,0.92
9182411,MNTALOS,MPP,6374,9386,laden,UNLOADING,B10,Gelibolu,Alexandria,2026-04-26T05:54:08.815071+00:00,2026-04-26T13:26:27.978880+00:00,7.54
9491850,GULBENIZ A,CONT,34943,,laden,UNLOADING,B51,Advansa Sasa Terminal,Alexandria,2026-04-24T15:44:33.729932+00:00,2026-04-26T14:43:45.239785+00:00,46.99
8417118,SAFFET BEY,MPP,14107,34546,ballast,LOADING,B36,Qasr Ahmed,Alexandria,2026-04-26T13:53:10.045689+00:00,2026-04-26T14:43:45.239785+00:00,0.84
9182411,MNTALOS,MPP,6374,9386,laden,UNLOADING,B11,Gelibolu,Alexandria,2026-04-26T13:53:10.045689+00:00,2026-04-26T15:43:30.690503+00:00,1.84
9385441,MARWIN,CONT,8521,,laden,UNLOADING,B54,Perama,Alexandria,2026-04-26T10:13:52.842908+00:00,2026-04-26T18:09:45.752297+00:00,7.93
8417118,SAFFET BEY,MPP,14107,34546,ballast,LOADING,B27,Qasr Ahmed,Alexandria,2026-04-26T15:12:31.751363+00:00,2026-04-26T19:44:14.487943+00:00,4.53
9778545,VAGA MAERSK,CONT,39819,,laden,UNLOADING,B73,Haifa,Alexandria,2026-04-26T11:42:51.916241+00:00,2026-04-26T20:08:47.396352+00:00,8.43
9460825,DILOS,TANK,4593,,laden,UNLOADING,B36,Port Said,Alexandria,2026-04-26T13:53:10.045689+00:00,2026-04-26T21:08:49.877677+00:00,7.26
9360972,ADMIRAL STAR,CONT,8694,,laden,UNLOADING,B73,Advansa Sasa Terminal,Alexandria,2026-04-26T05:54:08.815071+00:00,2026-04-26T21:08:49.877677+00:00,15.24
9778545,VAGA MAERSK,CONT,39819,,laden,UNLOADING,B72,Haifa,Alexandria,2026-04-26T20:43:13.091158+00:00,2026-04-26T22:08:04.291490+00:00,1.41
9182411,MNTALOS,MPP,6374,9386,laden,UNLOADING,B10,Gelibolu,Alexandria,2026-04-26T16:10:13.199059+00:00,2026-04-27T01:09:45.779663+00:00,8.99
9242560,AMELIE BORCHARD,CONT,11367,,laden,UNLOADING,B53,Advansa Sasa Terminal,Alexandria,2026-04-26T11:42:51.916241+00:00,2026-04-27T05:01:10.398334+00:00,17.31
9460825,DILOS,TANK,4593,,laden,UNLOADING,B87_4,Port Said,Alexandria,2026-04-27T01:09:45.779663+00:00,2026-04-27T05:01:10.398334+00:00,3.86
9208198,OSLO WAVE 3,MPP,17539,19828,laden,UNLOADING,B16,Donso,Alexandria,2026-04-26T01:09:16.190818+00:00,2026-04-27T05:01:10.398334+00:00,27.87
9801316,BRIGHT IMABARI,BULK,63504,80498,ballast,LOADING,B71,Rotaport,Alexandria,2026-04-27T00:10:42.203704+00:00,2026-04-27T05:01:10.398334+00:00,4.84
9653812,YM EVEREST,MPP,16717,21760,laden,UNLOADING,B84,Skaw,Alexandria,2026-04-22T13:15:47.753115+00:00,2026-04-27T08:14:52.910349+00:00,114.98
9272917,AH UNION,BULK,76602,90740,laden,UNLOADING,B85_1,Gelibolu,Alexandria,2026-04-19T19:59:02.734891+00:00,2026-04-27T08:14:52.910349+00:00,180.26
9348625,CONTSHIP JET,CONT,18108,,laden,UNLOADING,BALEXANDRIA OFFSHORE BERTH,Derince,Alexandria,2026-04-26T08:03:51.563446+00:00,2026-04-27T10:14:19.792535+00:00,26.17
9208198,OSLO WAVE 3,MPP,17539,19828,laden,UNLOADING,B16,Donso,Alexandria,2026-04-27T07:21:46.481418+00:00,2026-04-27T11:11:16.983196+00:00,3.83
9603609,SAFEEN PROSPER,CONT,34123,,laden,UNLOADING,B51,Aliaga,Alexandria,2026-04-26T16:43:35.864159+00:00,2026-04-27T12:01:52.392080+00:00,19.3
9778545,VAGA MAERSK,CONT,39819,,laden,UNLOADING,B73,Haifa,Alexandria,2026-04-26T22:43:04.021571+00:00,2026-04-27T13:42:41.258284+00:00,14.99
9171084,ANTARI,MPP,3700,4672,laden,UNLOADING,B42,Marsaxlokk,Alexandria,2026-04-25T13:41:17.304360+00:00,2026-04-27T14:37:46.652867+00:00,48.94
9724673,PANTHERLIGHT,TANK,45999,,ballast,LOADING,B87_5,Mersin,FOR ORDERS,2026-04-23T11:35:18.660917+00:00,2026-04-27T16:29:05.051439+00:00,100.9
9208198,OSLO WAVE 3,MPP,17539,19828,laden,UNLOADING,B16,Donso,Alexandria,2026-04-27T12:59:52.780206+00:00,2026-04-27T16:29:05.051439+00:00,3.49
9299484,MARTHA A,CONT,33796,,laden,UNLOADING,B53,Adabiya,Alexandria,2026-04-27T14:37:46.652867+00:00,2026-04-27T17:52:41.450577+00:00,3.25
8853673,M/T MARGIE,TANK,1056,,,AT_BERTH,B12,Benghazi,Damietta,2026-04-26T05:54:08.815071+00:00,2026-04-27T18:21:32.739235+00:00,36.46
1028188,NORD BAY,BULK,64000,81431.5,,AT_BERTH,B67,Gibraltar,Alexandria,2026-04-26T01:09:16.190818+00:00,2026-04-27T18:53:23.342983+00:00,41.74
9299484,MARTHA A,CONT,33796,,laden,UNLOADING,B51,Adabiya,Alexandria,2026-04-27T18:21:32.739235+00:00,2026-04-27T18:53:23.342983+00:00,0.53
9011985,FILIKCI 3,MPP,1323,2210,laden,UNLOADING,B44,Alexandria,Alexandria,2026-04-26T15:12:31.751363+00:00,2026-04-27T19:58:01.307940+00:00,28.76
9549669,SANDRA,MPP,13549,18698,laden,UNLOADING,B87_5,Marsaxlokk,Alexandria,2026-04-26T15:12:31.751363+00:00,2026-04-27T20:29:43.866479+00:00,29.29
1028188,NORD BAY,BULK,64000,81431.5,,AT_BERTH,B68,Gibraltar,Alexandria,2026-04-27T19:28:43.039457+00:00,2026-04-27T20:29:43.866479+00:00,1.02
9683491,CONTSHIP ZEN,CONT,13555,,laden,UNLOADING,BALEXANDRIA OFFSHORE BERTH,Mersin,Alexandria,2026-04-27T15:30:44.983691+00:00,2026-04-27T22:14:20.898965+00:00,6.73
9299484,MARTHA A,CONT,33796,,laden,UNLOADING,B51,Adabiya,Alexandria,2026-04-27T20:29:43.866479+00:00,2026-04-27T22:14:20.898965+00:00,1.74
1028188,NORD BAY,BULK,64000,81431.5,,AT_BERTH,B67,Gibraltar,Alexandria,2026-04-27T20:52:29.687886+00:00,2026-04-27T22:45:04.974645+00:00,1.88
9650494,COMMANDER K,BULK,35207,45241,laden,UNLOADING,B16,Marsaxlokk,Alexandria,2026-04-27T20:52:29.687886+00:00,2026-04-27T23:45:11.104937+00:00,2.88
8207381,MY ROSE,MPP,7230,,laden,UNLOADING,B27,Gelibolu,Alexandria,2026-04-26T22:43:04.021571+00:00,2026-04-28T00:14:35.991449+00:00,25.53
9299484,MARTHA A,CONT,33796,,laden,UNLOADING,B53,Adabiya,Alexandria,2026-04-27T22:45:04.974645+00:00,2026-04-28T00:14:35.991449+00:00,1.49
1028188,NORD BAY,BULK,64000,81431.5,,AT_BERTH,B67,Gibraltar,Alexandria,2026-04-27T23:45:11.104937+00:00,2026-04-28T01:12:02.997485+00:00,1.45
9182411,MNTALOS,MPP,6374,9386,laden,UNLOADING,B10,Gelibolu,Alexandria,2026-04-27T03:42:54.327254+00:00,2026-04-28T01:12:02.997485+00:00,21.49
9173355,GOLDEN SEA,BULK,15962,17634,ballast,LOADING,B68,Zeytinburnu,Alexandria,2026-04-26T03:42:35.288762+00:00,2026-04-28T02:15:43.793449+00:00,46.55
9650494,COMMANDER K,BULK,35207,45241,laden,UNLOADING,B18,Marsaxlokk,Alexandria,2026-04-28T00:14:35.991449+00:00,2026-04-28T02:15:43.793449+00:00,2.02
9340594,SHARIFA 5,TANK,29015,,ballast,LOADING,B87_3,Suez,Ego,2026-04-25T15:29:25.862940+00:00,2026-04-28T05:03:58.832803+00:00,61.58
9626522,BAHRI JEDDAH,MPP,26000,,laden,UNLOADING,B40,Genoa,Alexandria,2026-04-28T03:43:01.580046+00:00,2026-04-28T05:03:58.832803+00:00,1.35
9381940,FENER,MPP,5058,6181,laden,UNLOADING,B38,Larnaca,Alexandria,2026-04-23T16:56:21.158850+00:00,2026-04-28T05:03:58.832803+00:00,108.13
9182411,MNTALOS,MPP,6374,9386,laden,UNLOADING,B10,Gelibolu,Alexandria,2026-04-28T03:43:01.580046+00:00,2026-04-28T05:03:58.832803+00:00,1.35
9182411,MNTALOS,MPP,6374,9386,laden,UNLOADING,B11,Gelibolu,Alexandria,2026-04-28T06:20:22.050817+00:00,2026-04-28T07:19:06.809666+00:00,0.98
8421987,MARIA QUEEN,MPP,2957,,ballast,LOADING,B43,Corinth,Alexandria,2026-04-26T07:29:08.729320+00:00,2026-04-28T08:15:20.644671+00:00,48.77
1028188,NORD BAY,BULK,64000,81431.5,,AT_BERTH,B67,Gibraltar,Alexandria,2026-04-28T06:20:22.050817+00:00,2026-04-28T08:15:20.644671+00:00,1.92
9299484,MARTHA A,CONT,33796,,laden,UNLOADING,B51,Adabiya,Alexandria,2026-04-28T03:43:01.580046+00:00,2026-04-28T08:15:20.644671+00:00,4.54
9683491,CONTSHIP ZEN,CONT,13555,,laden,UNLOADING,BALEXANDRIA OFFSHORE BERTH,Mersin,Alexandria,2026-04-27T23:15:24.175023+00:00,2026-04-28T09:15:20.647059+00:00,10.0
9650494,COMMANDER K,BULK,35207,45241,laden,UNLOADING,B18,Marsaxlokk,Alexandria,2026-04-28T05:03:58.832803+00:00,2026-04-28T09:15:20.647059+00:00,4.19
1028188,NORD BAY,BULK,64000,81431.5,,AT_BERTH,B68,Gibraltar,Alexandria,2026-04-28T09:15:20.647059+00:00,2026-04-28T10:14:12.677788+00:00,0.98
9734159,CMA CGM QUEST,CONT,25000,,laden,UNLOADING,BALEXANDRIA OFFSHORE BERTH,Port Said,Alexandria,2026-04-27T09:14:54.916973+00:00,2026-04-28T12:03:52.030699+00:00,26.82
9299484,MARTHA A,CONT,33796,,laden,UNLOADING,B51,Adabiya,Alexandria,2026-04-28T10:14:12.677788+00:00,2026-04-28T12:03:52.030699+00:00,1.83
9699256,GREMIO,TANK,6486,,laden,UNLOADING,B87_5,Alexandria,Alexandria,2026-04-28T09:15:20.647059+00:00,2026-04-28T14:14:06.151106+00:00,4.98
1028188,NORD BAY,BULK,64000,81431.5,,AT_BERTH,B67,Gibraltar,Alexandria,2026-04-28T11:10:37.181361+00:00,2026-04-28T15:19:24.821779+00:00,4.15
9299484,MARTHA A,CONT,33796,,laden,UNLOADING,B53,Adabiya,Alexandria,2026-04-28T15:19:24.821779+00:00,2026-04-28T17:03:56.627897+00:00,1.74
1028188,NORD BAY,BULK,64000,81431.5,,AT_BERTH,B67,Gibraltar,Alexandria,2026-04-28T17:03:56.627897+00:00,2026-04-28T20:00:01.765155+00:00,2.93
9071650,HAMBURG. S,MPP,10560,14100,ballast,LOADING,B14,Damietta,Alexandria,2026-04-24T04:29:43.048021+00:00,2026-04-28T20:36:51.068778+00:00,112.12
9549669,SANDRA,MPP,13549,18698,laden,UNLOADING,B87_5,Marsaxlokk,Alexandria,2026-04-27T23:15:24.175023+00:00,2026-04-28T20:36:51.068778+00:00,21.36
9182411,MNTALOS,MPP,6374,9386,laden,UNLOADING,B10,Gelibolu,Alexandria,2026-04-28T08:15:20.644671+00:00,2026-04-28T20:36:51.068778+00:00,12.36
9305908,HILDE A,CONT,22049,,laden,UNLOADING,B54,Genoa,Alexandria,2026-04-27T10:14:19.792535+00:00,2026-04-28T21:46:43.534397+00:00,35.54
9299484,MARTHA A,CONT,33796,,laden,UNLOADING,B51,Adabiya,Alexandria,2026-04-28T18:00:20.221457+00:00,2026-04-28T21:46:43.534397+00:00,3.77
9650494,COMMANDER K,BULK,35207,45241,laden,UNLOADING,B16,Marsaxlokk,Alexandria,2026-04-28T10:14:12.677788+00:00,2026-04-28T22:16:38.516628+00:00,12.04
9137234,KAPITAN SHYRIAGIN,MPP,6258,4930,ballast,LOADING,B41,Pendik,Alexandria,2026-04-26T16:10:13.199059+00:00,2026-04-28T23:45:22.864698+00:00,55.59
9336359,MSC OLGA F,CONT,13775,,laden,UNLOADING,B54,Limassol,Alexandria,2026-04-28T22:46:03.434039+00:00,2026-04-28T23:45:22.864698+00:00,0.99
9299484,MARTHA A,CONT,33796,,laden,UNLOADING,B54,Adabiya,Alexandria,2026-04-28T22:46:03.434039+00:00,2026-04-29T00:15:31.815503+00:00,1.49
8322040,DODO,MPP,6025,,laden,UNLOADING,B13,Mersin,Alexandria,2026-04-28T23:45:22.864698+00:00,2026-04-29T00:15:31.815503+00:00,0.5
9016155,AMIR BEY,MPP,8185,10655,laden,UNLOADING,B66,Qasr Ahmed,Alexandria,2026-04-24T14:26:17.964537+00:00,2026-04-29T01:12:59.738871+00:00,106.78
1028188,NORD BAY,BULK,64000,81431.5,,AT_BERTH,B67,Gibraltar,Alexandria,2026-04-28T21:20:37.555799+00:00,2026-04-29T01:12:59.738871+00:00,3.87
9208198,OSLO WAVE 3,MPP,17539,19828,laden,UNLOADING,B84,Donso,Alexandria,2026-04-27T18:21:32.739235+00:00,2026-04-29T05:01:43.947833+00:00,34.67
1028188,NORD BAY,BULK,64000,81431.5,,AT_BERTH,B67,Gibraltar,Alexandria,2026-04-29T03:42:49.168163+00:00,2026-04-29T07:15:51.808127+00:00,3.55
9498315,LILA II,BULK,34604,45538,laden,UNLOADING,B37,Zeytinburnu,Alexandria,2026-04-26T00:09:52.398646+00:00,2026-04-29T08:14:40.920627+00:00,80.08
9182411,MNTALOS,MPP,6374,9386,ballast,LOADING,B10,Gelibolu,Alexandria,2026-04-28T22:16:38.516628+00:00,2026-04-29T08:14:40.920627+00:00,9.97
8421987,MARIA QUEEN,MPP,2957,,ballast,LOADING,B43,Corinth,Alexandria,2026-04-28T15:19:24.821779+00:00,2026-04-29T11:05:29.012965+00:00,19.77
9947720,REMAH,CONT,24538,,,AT_BERTH,BALEXANDRIA OFFSHORE BERTH,Algeciras,EGTMT,2026-04-28T18:00:20.221457+00:00,2026-04-29T12:47:15.853192+00:00,18.78
9425174,XIN HAI TONG 505,MPP,28440,39100,laden,UNLOADING,B24,Gijon,Alexandria,2026-04-26T08:46:21.683214+00:00,2026-04-29T12:47:15.853192+00:00,76.02
9193525,LOTUS,MPP,9389,14995,laden,UNLOADING,BALEXANDRIA OFFSHORE BERTH,Port Akdeniz,Alexandria,2026-04-28T16:12:23.338206+00:00,2026-04-29T13:30:59.867214+00:00,21.31
9336359,MSC OLGA F,CONT,13775,,laden,UNLOADING,B54,Limassol,Alexandria,2026-04-29T01:12:59.738871+00:00,2026-04-29T13:30:59.867214+00:00,12.3
8421987,MARIA QUEEN,MPP,2957,,laden,UNLOADING,B43,Corinth,Alexandria,2026-04-29T12:47:15.853192+00:00,2026-04-29T15:35:30.429943+00:00,2.8
1028188,NORD BAY,BULK,64000,81431.5,,AT_BERTH,B67,Gibraltar,Alexandria,2026-04-29T09:13:07.413096+00:00,2026-04-29T15:35:30.429943+00:00,6.37
8322040,DODO,MPP,6025,,laden,UNLOADING,B14,Mersin,Alexandria,2026-04-29T01:12:59.738871+00:00,2026-04-29T15:35:30.429943+00:00,14.38
9182411,MNTALOS,MPP,6374,9386,ballast,LOADING,B10,Alexandria,Damietta,2026-04-29T10:12:56.337744+00:00,2026-04-29T15:35:30.429943+00:00,5.38
9182411,MNTALOS,MPP,6374,9386,ballast,LOADING,B11,Alexandria,Damietta,2026-04-29T16:29:04.997543+00:00,2026-04-29T17:04:35.210308+00:00,0.59
1028188,NORD BAY,BULK,64000,81431.5,,AT_BERTH,B68,Gibraltar,Alexandria,2026-04-29T16:29:04.997543+00:00,2026-04-29T17:04:35.210308+00:00,0.59
1028188,NORD BAY,BULK,64000,81431.5,,AT_BERTH,B68,Gibraltar,Alexandria,2026-04-29T18:38:28.152643+00:00,2026-04-29T19:28:54.927250+00:00,0.84
9663128,CX KALAVRYTA,BULK,63325,78860,laden,UNLOADING,B20,Marsaxlokk,Alexandria,2026-04-29T10:12:56.337744+00:00,2026-04-29T20:46:55.807293+00:00,10.57
9549669,SANDRA,MPP,13549,18698,laden,UNLOADING,B87_5,Marsaxlokk,Alexandria,2026-04-28T22:16:38.516628+00:00,2026-04-29T20:46:55.807293+00:00,22.5
8412390,IBRAHIM B,MPP,4413,6636,,AT_BERTH,B35,Damietta,Alexandria,2026-04-25T13:41:17.304360+00:00,2026-04-29T21:20:46.580667+00:00,103.66
9356139,MAERSK NORFOLK,CONT,34100,,laden,UNLOADING,B73,Haifa,Alexandria,2026-04-28T17:03:56.627897+00:00,2026-04-29T21:47:05.877863+00:00,28.72
9173355,GOLDEN SEA,BULK,15962,17634,ballast,LOADING,B68,Zeytinburnu,Alexandria,2026-04-28T05:03:58.832803+00:00,2026-04-29T22:16:20.886196+00:00,41.21
9731377,CHIPOLBROK ATLANTIC,MPP,31661,43044,laden,UNLOADING,B47,Icdas Port,Alexandria,2026-04-29T13:30:59.867214+00:00,2026-04-29T22:45:52.069084+00:00,9.25
9259020,SARA,MPP,8949,12629,laden,UNLOADING,B41,Icdas Port,Alexandria,2026-04-29T15:35:30.429943+00:00,2026-04-29T22:45:52.069084+00:00,7.17
8322040,DODO,MPP,6025,,laden,UNLOADING,B14,Mersin,Alexandria,2026-04-29T18:38:28.152643+00:00,2026-04-30T02:15:44.153069+00:00,7.62
9128099,TB QINGYUAN,CONT,28352,,laden,UNLOADING,B51,Port Said,Alexandria,2026-04-29T03:42:49.168163+00:00,2026-04-30T03:43:10.805847+00:00,24.01
1028188,NORD BAY,BULK,64000,81431.5,,AT_BERTH,B67,Gibraltar,Alexandria,2026-04-29T20:01:25.826402+00:00,2026-04-30T06:18:34.650013+00:00,10.29
9839818,BULK ANTIGUA,BULK,61602,77546,laden,UNLOADING,B39,Arroyo Seco,Alexandria,2026-04-28T09:15:20.647059+00:00,2026-04-30T07:18:09.081524+00:00,46.05
1028188,NORD BAY,BULK,64000,81431.5,,AT_BERTH,B68,Gibraltar,Alexandria,2026-04-30T07:18:09.081524+00:00,2026-04-30T08:15:04.424465+00:00,0.95
9173355,GOLDEN SEA,BULK,15962,17634,ballast,LOADING,B68,Zeytinburnu,Alexandria,2026-04-29T23:16:06.261533+00:00,2026-04-30T11:59:04.487047+00:00,12.72
8404460,SAFIA,MPP,4816,,,AT_BERTH,B11,Mersin,Alexandria,2026-04-26T08:46:21.683214+00:00,2026-04-30T12:45:53.009327+00:00,99.99
9282364,TATLISU,TANK,8521,,ballast,LOADING,B71,Toros,Alexandria,2026-04-27T16:29:05.051439+00:00,2026-04-30T13:30:43.566017+00:00,69.03
9114610,DYNAMIC M,BULK,28760,38320,laden,UNLOADING,B20,Borusan,El Dekheila,2026-04-30T09:13:35.955132+00:00,2026-04-30T14:37:58.712369+00:00,5.41
8322040,DODO,MPP,6025,,laden,UNLOADING,B14,Mersin,Alexandria,2026-04-30T07:18:09.081524+00:00,2026-04-30T14:37:58.712369+00:00,7.33
9406611,CMA CGM MUSSET,CONT,83264,,laden,UNLOADING,BALEXANDRIA OFFSHORE BERTH,Marsaxlokk,Alexandria,2026-04-29T16:29:04.997543+00:00,2026-04-30T15:31:50.202442+00:00,23.05
9549669,SANDRA,MPP,13549,18698,laden,UNLOADING,B87_5,Marsaxlokk,Alexandria,2026-04-29T22:16:20.886196+00:00,2026-04-30T15:31:50.202442+00:00,17.26
9731377,CHIPOLBROK ATLANTIC,MPP,31661,43044,laden,UNLOADING,B47,Icdas Port,Alexandria,2026-04-30T00:15:20.611578+00:00,2026-04-30T16:27:29.158493+00:00,16.2
8322040,DODO,MPP,6025,,laden,UNLOADING,B13,Mersin,Alexandria,2026-04-30T15:31:50.202442+00:00,2026-04-30T16:27:29.158493+00:00,0.93
1028188,NORD BAY,BULK,64000,81431.5,,AT_BERTH,B67,Gibraltar,Alexandria,2026-04-30T09:13:35.955132+00:00,2026-04-30T17:00:44.596527+00:00,7.79
9996678,CMA CGM IRON,CONT,146200,,,AT_BERTH,BALEXANDRIA OFFSHORE BERTH,Susak,Alexandria,2026-04-29T20:01:25.826402+00:00,2026-04-30T17:54:00.516082+00:00,21.88
9405538,FEW BPS,TANK,51601,,laden,UNLOADING,B87_3,Ceuta,Alexandria,2026-04-28T09:15:20.647059+00:00,2026-04-30T18:23:46.127740+00:00,57.14
1028188,NORD BAY,BULK,64000,81431.5,,AT_BERTH,B68,Gibraltar,Alexandria,2026-04-30T17:54:00.516082+00:00,2026-04-30T18:54:53.344680+00:00,1.01
9216107,EGY CROWN,CONT,18425,,laden,UNLOADING,B73,Port Said,Alexandria,2026-04-30T01:12:41.549964+00:00,2026-04-30T19:28:34.667069+00:00,18.26
9216107,EGY CROWN,CONT,18425,,laden,UNLOADING,B72,Port Said,Alexandria,2026-04-30T19:59:43.471804+00:00,2026-04-30T21:45:55.960087+00:00,1.77
1028188,NORD BAY,BULK,64000,81431.5,,AT_BERTH,B67,Gibraltar,Alexandria,2026-04-30T19:28:34.667069+00:00,2026-05-01T02:15:49.640282+00:00,6.79
9216107,EGY CROWN,CONT,18425,,laden,UNLOADING,B73,Port Said,Alexandria,2026-04-30T22:15:41.938860+00:00,2026-05-01T03:43:20.015183+00:00,5.46
9666675,MANTA DICLE,TANK,28263,,laden,UNLOADING,B87_4,Marcus Hook,Alexandria,2026-04-24T15:44:33.729932+00:00,2026-05-01T05:12:36.690850+00:00,157.47
9264726,MEDKON LTF,CONT,8015,,laden,UNLOADING,B51,Baticim,Alexandria,2026-04-30T06:18:34.650013+00:00,2026-05-01T06:27:06.014769+00:00,24.14
1028188,NORD BAY,BULK,64000,81431.5,,AT_BERTH,B67,Gibraltar,Alexandria,2026-05-01T05:12:36.690850+00:00,2026-05-01T06:27:06.014769+00:00,1.24
9549669,SANDRA,MPP,13549,18698,ballast,LOADING,B87_5,Marsaxlokk,Alexandria,2026-04-30T17:00:44.596527+00:00,2026-05-01T08:13:52.040256+00:00,15.22
9238155,AN HAI,CONT,30250,,laden,UNLOADING,B54,red sea,Alexandria,2026-04-29T15:35:30.429943+00:00,2026-05-01T11:22:31.534726+00:00,43.78
8322040,DODO,MPP,6025,,laden,UNLOADING,B14,Mersin,Alexandria,2026-04-30T18:54:53.344680+00:00,2026-05-01T12:46:53.247035+00:00,17.87
9507764,GAS HUSKY,TANK,7218,,ballast,LOADING,B87_5,Marport West (Soyak) Terminal,Alexandria,2026-04-30T17:54:00.516082+00:00,2026-05-01T14:01:47.327501+00:00,20.13
8322040,DODO,MPP,6025,,laden,UNLOADING,B13,Mersin,Alexandria,2026-05-01T13:28:16.851381+00:00,2026-05-01T14:01:47.327501+00:00,0.56
9782003,BULK ENDURANCE,BULK,59450,76000,ballast,LOADING,B85_1,Port Said,El Dekheila,2026-04-25T11:29:03.814795+00:00,2026-05-01T16:16:39.521159+00:00,148.79
9549669,SANDRA,MPP,13549,18698,ballast,LOADING,B87_5,Alexandria,Damietta,2026-05-01T10:00:31.144537+00:00,2026-05-01T16:16:39.521159+00:00,6.27
9003548,TUGBERK IMAMOGLU,MPP,4598,4870,laden,UNLOADING,B10,Gandia,Alexandria,2026-05-01T15:18:41.474259+00:00,2026-05-01T16:16:39.521159+00:00,0.97
9127538,EGY FUTURE,CONT,18425,,laden,UNLOADING,B53,Alexandria,Alexandria,2026-05-01T14:45:53.309579+00:00,2026-05-01T16:45:27.120826+00:00,1.99
1028188,NORD BAY,BULK,64000,81431.5,,AT_BERTH,B67,Gibraltar,Alexandria,2026-05-01T08:13:52.040256+00:00,2026-05-01T16:45:27.120826+00:00,8.53
9003548,TUGBERK IMAMOGLU,MPP,4598,4870,laden,UNLOADING,B11,Gandia,Alexandria,2026-05-01T16:45:27.120826+00:00,2026-05-01T17:46:09.478399+00:00,1.01
1028188,NORD BAY,BULK,64000,81431.5,,AT_BERTH,B68,Gibraltar,Alexandria,2026-05-01T17:18:59.591001+00:00,2026-05-01T18:48:40.047610+00:00,1.49
9003548,TUGBERK IMAMOGLU,MPP,4598,4870,laden,UNLOADING,B10,Gandia,Alexandria,2026-05-01T18:17:21.272822+00:00,2026-05-01T19:25:36.194275+00:00,1.14
9668491,NEPTUNE GALENE,CAR,11260,,ballast,LOADING,B28,Limassol,Alexandria,2026-05-01T12:13:42.443355+00:00,2026-05-01T20:14:42.602762+00:00,8.02
1028188,NORD BAY,BULK,64000,81431.5,,AT_BERTH,B67,Gibraltar,Alexandria,2026-05-01T19:25:36.194275+00:00,2026-05-01T21:14:07.475656+00:00,1.81
9003548,TUGBERK IMAMOGLU,MPP,4598,4870,laden,UNLOADING,B11,Gandia,Alexandria,2026-05-01T19:51:46.688576+00:00,2026-05-01T21:14:07.475656+00:00,1.37
1028188,NORD BAY,BULK,64000,81431.5,,AT_BERTH,B67,Gibraltar,Alexandria,2026-05-01T22:44:33.208221+00:00,2026-05-01T23:14:43.064613+00:00,0.5
9003548,TUGBERK IMAMOGLU,MPP,4598,4870,laden,UNLOADING,B10,Gandia,Alexandria,2026-05-01T21:45:08.728778+00:00,2026-05-01T23:14:43.064613+00:00,1.49
9427380,BOLTEN SYMI,MPP,25951,30736,laden,UNLOADING,B68,Gibraltar,Alexandria,2026-04-24T19:41:54.805829+00:00,2026-05-01T23:45:03.969050+00:00,172.05
9367841,YUCATAN,MPP,3291,,,AT_BERTH,B38,Romano,Alexandria,2026-04-29T10:12:56.337744+00:00,2026-05-02T03:41:32.930463+00:00,65.48
9179995,UGR ISTANBUL,CAR,3387,,laden,UNLOADING,B40,Caronte,Alexandria,2026-05-01T15:18:41.474259+00:00,2026-05-02T03:41:32.930463+00:00,12.38
1028188,NORD BAY,BULK,64000,81431.5,,AT_BERTH,B67,Gibraltar,Alexandria,2026-05-02T01:08:37.146487+00:00,2026-05-02T03:41:32.930463+00:00,2.55
9003548,TUGBERK IMAMOGLU,MPP,4598,4870,laden,UNLOADING,B10,Gandia,Alexandria,2026-05-02T01:08:37.146487+00:00,2026-05-02T03:41:32.930463+00:00,2.55
9003548,TUGBERK IMAMOGLU,MPP,4598,4870,laden,UNLOADING,B11,Gandia,Alexandria,2026-05-02T04:58:58.879445+00:00,2026-05-02T05:52:12.496581+00:00,0.89
9454034,MOLIVA,MPP,12044,,laden,UNLOADING,B51,Baticim,Alexandria,2026-05-01T09:07:03.419661+00:00,2026-05-02T06:33:10.020944+00:00,21.44
9147215,MED CERKEZKOY,CONT,12918,,laden,UNLOADING,B54,Nemport,Alexandria,2026-05-01T14:01:47.327501+00:00,2026-05-02T06:33:10.020944+00:00,16.52
9127538,EGY FUTURE,CONT,18425,,laden,UNLOADING,B53,Alexandria,Alexandria,2026-05-01T18:17:21.272822+00:00,2026-05-02T07:29:30.799056+00:00,13.2
1028188,NORD BAY,BULK,64000,81431.5,,AT_BERTH,B67,Gibraltar,Alexandria,2026-05-02T05:52:12.496581+00:00,2026-05-02T08:05:48.769330+00:00,2.23
9259020,SARA,MPP,8949,12629,laden,UNLOADING,B41,Icdas Port,Alexandria,2026-04-29T23:45:30.934146+00:00,2026-05-02T09:21:52.730818+00:00,57.61
1028188,NORD BAY,BULK,64000,81431.5,,AT_BERTH,B68,Gibraltar,Alexandria,2026-05-02T08:52:02.549489+00:00,2026-05-02T09:48:04.036682+00:00,0.93
9003548,TUGBERK IMAMOGLU,MPP,4598,4870,laden,UNLOADING,B10,Gandia,Alexandria,2026-05-02T06:33:10.020944+00:00,2026-05-02T09:48:04.036682+00:00,3.25
9259020,SARA,MPP,8949,12629,laden,UNLOADING,B40,Icdas Port,Alexandria,2026-05-02T09:48:04.036682+00:00,2026-05-02T10:44:38.417265+00:00,0.94
9376141,MSC POLINA,CONT,34331,,laden,UNLOADING,B51,Damietta,Alexandria,2026-05-02T11:13:59.107008+00:00,2026-05-02T11:44:04.015163+00:00,0.5
9532343,ANITA A,CONT,8494,,laden,UNLOADING,B54,Damietta,Alexandria,2026-05-02T11:13:59.107008+00:00,2026-05-02T11:44:04.015163+00:00,0.5
1028188,NORD BAY,BULK,64000,81431.5,,AT_BERTH,B67,Gibraltar,Alexandria,2026-05-02T10:15:55.421887+00:00,2026-05-02T12:11:31.779772+00:00,1.93
9003548,TUGBERK IMAMOGLU,MPP,4598,4870,laden,UNLOADING,B10,Gandia,Alexandria,2026-05-02T11:13:59.107008+00:00,2026-05-02T12:11:31.779772+00:00,0.96
9782003,BULK ENDURANCE,BULK,59450,76000,laden,UNLOADING,B72,Port Said,Alexandria,2026-05-02T13:27:53.892733+00:00,2026-05-02T14:22:25.663235+00:00,0.91
1028188,NORD BAY,BULK,64000,81431.5,,AT_BERTH,B67,Gibraltar,Alexandria,2026-05-02T13:27:53.892733+00:00,2026-05-02T14:22:25.663235+00:00,0.91
9003548,TUGBERK IMAMOGLU,MPP,4598,4870,laden,UNLOADING,B10,Gandia,Alexandria,2026-05-02T13:27:53.892733+00:00,2026-05-02T14:22:25.663235+00:00,0.91
1028188,NORD BAY,BULK,64000,81431.5,,AT_BERTH,B68,Gibraltar,Alexandria,2026-05-02T14:43:59.974946+00:00,2026-05-02T16:44:02.020456+00:00,2.0
1028188,NORD BAY,BULK,64000,81431.5,,AT_BERTH,B67,Gibraltar,Alexandria,2026-05-02T17:14:27.270526+00:00,2026-05-02T18:12:55.284377+00:00,0.97
9003548,TUGBERK IMAMOGLU,MPP,4598,4870,laden,UNLOADING,B10,Gandia,Alexandria,2026-05-02T15:43:57.239386+00:00,2026-05-02T19:45:46.321278+00:00,4.03
1028188,NORD BAY,BULK,64000,81431.5,,AT_BERTH,B68,Gibraltar,Alexandria,2026-05-02T20:08:50.184349+00:00,2026-05-02T20:43:42.828765+00:00,0.58
9996678,CMA CGM IRON,CONT,146200,,,AT_BERTH,BALEXANDRIA OFFSHORE BERTH,Susak,Alexandria,2026-04-30T18:54:53.344680+00:00,2026-05-02T21:43:13.729216+00:00,50.81
1028188,NORD BAY,BULK,64000,81431.5,,AT_BERTH,B67,Gibraltar,Alexandria,2026-05-02T21:11:53.433402+00:00,2026-05-02T21:43:13.729216+00:00,0.52
1028188,NORD BAY,BULK,64000,81431.5,,AT_BERTH,B68,Gibraltar,Alexandria,2026-05-02T22:10:06.847256+00:00,2026-05-02T23:12:41.441018+00:00,1.04
8415794,SEA PATRIS,CAR,13895,,laden,UNLOADING,B27,Aygaz,Alexandria,2026-05-02T08:52:02.549489+00:00,2026-05-03T01:15:30.709123+00:00,16.39
9702429,GLOVIS SYMPHONY,CAR,20056,,ballast,LOADING,B39,Aygaz,Alexandria,2026-05-02T13:57:33.610785+00:00,2026-05-03T01:15:30.709123+00:00,11.3
9549669,SANDRA,MPP,13549,18698,ballast,LOADING,B87_5,Alexandria,Damietta,2026-05-01T17:18:59.591001+00:00,2026-05-03T01:15:30.709123+00:00,31.94
1028188,NORD BAY,BULK,64000,81431.5,,AT_BERTH,B67,Gibraltar,Alexandria,2026-05-02T23:43:38.177923+00:00,2026-05-03T01:15:30.709123+00:00,1.53
9003548,TUGBERK IMAMOGLU,MPP,4598,4870,laden,UNLOADING,B10,Gandia,Alexandria,2026-05-02T20:43:42.828765+00:00,2026-05-03T01:15:30.709123+00:00,4.53
9996678,CMA CGM IRON,CONT,146200,,,AT_BERTH,BALEXANDRIA OFFSHORE BERTH,Alexandria,EGZZ1,2026-05-02T22:43:31.525650+00:00,2026-05-03T02:15:13.980168+00:00,3.53
9938418,CMA CGM TIGA,CONT,65000,,,AT_BERTH,BALEXANDRIA OFFSHORE BERTH,Amchit,Alexandria,2026-04-30T17:54:00.516082+00:00,2026-05-03T06:18:11.236754+00:00,60.4
9486192,CHEM NORMA,TANK,17095,,laden,UNLOADING,B87_3,Suez,Alexandria,2026-04-30T21:18:33.648711+00:00,2026-05-03T07:14:47.683605+00:00,57.94
1028188,NORD BAY,BULK,64000,81431.5,,AT_BERTH,B67,Gibraltar,Alexandria,2026-05-03T06:18:11.236754+00:00,2026-05-03T08:10:56.164873+00:00,1.88
9003548,TUGBERK IMAMOGLU,MPP,4598,4870,laden,UNLOADING,B11,Gandia,Alexandria,2026-05-03T02:15:13.980168+00:00,2026-05-03T10:18:06.250228+00:00,8.05
1028188,NORD BAY,BULK,64000,81431.5,,AT_BERTH,B68,Gibraltar,Alexandria,2026-05-03T09:00:10.798810+00:00,2026-05-03T11:13:14.042382+00:00,2.22
9376141,MSC POLINA,CONT,34331,,laden,UNLOADING,B51,Damietta,Alexandria,2026-05-02T12:45:35.499636+00:00,2026-05-03T13:57:13.578635+00:00,25.19
9003548,TUGBERK IMAMOGLU,MPP,4598,4870,laden,UNLOADING,B11,Gandia,Alexandria,2026-05-03T11:43:25.676474+00:00,2026-05-03T13:57:13.578635+00:00,2.23
9185839,HAYA QUEEN,MPP,8924,15690,laden,UNLOADING,B20,Gelibolu,Alexandria,2026-05-02T12:11:31.779772+00:00,2026-05-03T16:12:31.056161+00:00,28.02
1028188,NORD BAY,BULK,64000,81431.5,,AT_BERTH,B67,Gibraltar,Alexandria,2026-05-03T13:27:37.593527+00:00,2026-05-03T16:12:31.056161+00:00,2.75
9996915,MAASVLIET,MPP,3800,,,AT_BERTH,B47,Alexandria,Alexandria,2026-04-30T18:23:46.127740+00:00,2026-05-03T16:12:31.056161+00:00,69.81
9962990,WES MADITA,MPP,3850,5250,,AT_BERTH,B42,Gelibolu,Alexandria,2026-05-01T14:45:53.309579+00:00,2026-05-03T16:12:31.056161+00:00,49.44
9173355,GOLDEN SEA,BULK,15962,17634,ballast,LOADING,B68,Zeytinburnu,Alexandria,2026-04-30T13:30:43.566017+00:00,2026-05-03T16:44:32.018528+00:00,75.23
9259020,SARA,MPP,8949,12629,laden,UNLOADING,B41,Icdas Port,Alexandria,2026-05-02T11:13:59.107008+00:00,2026-05-03T16:44:32.018528+00:00,29.51
1028188,NORD BAY,BULK,64000,81431.5,,AT_BERTH,B68,Gibraltar,Alexandria,2026-05-03T16:44:32.018528+00:00,2026-05-03T17:44:16.063310+00:00,1.0
9996915,MAASVLIET,MPP,3800,,,AT_BERTH,B46,Alexandria,Alexandria,2026-05-03T16:44:32.018528+00:00,2026-05-03T17:44:16.063310+00:00,1.0
9962990,WES MADITA,MPP,3850,5250,,AT_BERTH,B46,Alexandria,Boston,2026-05-03T16:44:32.018528+00:00,2026-05-03T18:45:23.245180+00:00,2.01
9363314,POCHARD S,MPP,32285,42595,laden,UNLOADING,B66,Gelibolu,Alexandria,2026-04-29T03:42:49.168163+00:00,2026-05-03T19:20:18.758555+00:00,111.62
8322040,DODO,MPP,6025,,laden,UNLOADING,B14,Mersin,Alexandria,2026-05-01T14:45:53.309579+00:00,2026-05-03T19:20:18.758555+00:00,52.57
9962990,WES MADITA,MPP,3850,5250,,AT_BERTH,B42,Alexandria,Boston,2026-05-03T19:20:18.758555+00:00,2026-05-03T20:09:44.016479+00:00,0.82
9259020,SARA,MPP,8949,12629,laden,UNLOADING,B47,Icdas Port,Alexandria,2026-05-03T18:45:23.245180+00:00,2026-05-03T20:09:44.016479+00:00,1.41
9003548,TUGBERK IMAMOGLU,MPP,4598,4870,laden,UNLOADING,B10,Gandia,Alexandria,2026-05-03T14:21:31.401348+00:00,2026-05-03T20:09:44.016479+00:00,5.8
9996915,MAASVLIET,MPP,3800,,,AT_BERTH,B47,Alexandria,Alexandria,2026-05-03T18:13:13.974789+00:00,2026-05-03T20:43:45.714567+00:00,2.51
8322040,DODO,MPP,6025,,laden,UNLOADING,B20,Mersin,Alexandria,2026-05-03T19:45:43.769091+00:00,2026-05-03T21:12:39.466441+00:00,1.45
9532343,ANITA A,CONT,8494,,laden,UNLOADING,B54,Damietta,Alexandria,2026-05-02T12:45:35.499636+00:00,2026-05-03T22:10:33.237363+00:00,33.42
9996915,MAASVLIET,MPP,3800,,,AT_BERTH,B46,Alexandria,Alexandria,2026-05-03T21:12:39.466441+00:00,2026-05-03T22:10:33.237363+00:00,0.96
9962990,WES MADITA,MPP,3850,5250,,AT_BERTH,B46,Alexandria,Boston,2026-05-03T20:43:45.714567+00:00,2026-05-03T22:10:33.237363+00:00,1.45
9650494,COMMANDER K,BULK,35207,45241,laden,UNLOADING,B16,Marsaxlokk,Alexandria,2026-04-28T23:45:22.864698+00:00,2026-05-03T22:10:33.237363+00:00,118.42
9003548,TUGBERK IMAMOGLU,MPP,4598,4870,laden,UNLOADING,B14,Gandia,Alexandria,2026-05-03T20:43:45.714567+00:00,2026-05-03T23:12:45.083681+00:00,2.48
9996915,MAASVLIET,MPP,3800,,,AT_BERTH,B47,Alexandria,Alexandria,2026-05-03T22:43:24.475353+00:00,2026-05-03T23:43:52.722262+00:00,1.01
9259020,SARA,MPP,8949,12629,laden,UNLOADING,B41,Icdas Port,Alexandria,2026-05-03T20:43:45.714567+00:00,2026-05-03T23:43:52.722262+00:00,3.0
1028188,NORD BAY,BULK,64000,81431.5,,AT_BERTH,B67,Gibraltar,Alexandria,2026-05-03T18:13:13.974789+00:00,2026-05-04T00:13:55.306423+00:00,6.01
9363314,POCHARD S,MPP,32285,42595,laden,UNLOADING,B67,Gelibolu,Alexandria,2026-05-03T19:45:43.769091+00:00,2026-05-04T00:13:55.306423+00:00,4.47
9650494,COMMANDER K,BULK,35207,45241,laden,UNLOADING,B16,Marsaxlokk,Alexandria,2026-05-03T23:43:52.722262+00:00,2026-05-04T00:13:55.306423+00:00,0.5
9962990,WES MADITA,MPP,3850,5250,,AT_BERTH,B42,Alexandria,Boston,2026-05-03T22:43:24.475353+00:00,2026-05-04T01:12:53.697610+00:00,2.49
9259020,SARA,MPP,8949,12629,laden,UNLOADING,B47,Icdas Port,Alexandria,2026-05-04T00:13:55.306423+00:00,2026-05-04T01:12:53.697610+00:00,0.98
8322040,DODO,MPP,6025,,laden,UNLOADING,B14,Mersin,Alexandria,2026-05-03T21:43:24.359398+00:00,2026-05-04T01:12:53.697610+00:00,3.49
1028188,NORD BAY,BULK,64000,81431.5,,AT_BERTH,B68,Gibraltar,FOR ORDERS,2026-05-04T01:12:53.697610+00:00,2026-05-04T02:15:20.293678+00:00,1.04
9003548,TUGBERK IMAMOGLU,MPP,4598,4870,laden,UNLOADING,B10,Gandia,Alexandria,2026-05-03T23:43:52.722262+00:00,2026-05-04T02:15:20.293678+00:00,2.52
8322040,DODO,MPP,6025,,laden,UNLOADING,B20,Mersin,Alexandria,2026-05-04T02:15:20.293678+00:00,2026-05-04T03:42:57.845811+00:00,1.46
9259020,SARA,MPP,8949,12629,laden,UNLOADING,B47,Icdas Port,Alexandria,2026-05-04T03:42:57.845811+00:00,2026-05-04T06:27:27.206227+00:00,2.74
9650494,COMMANDER K,BULK,35207,45241,laden,UNLOADING,B18,Marsaxlokk,Alexandria,2026-05-04T01:12:53.697610+00:00,2026-05-04T06:27:27.206227+00:00,5.24
8322040,DODO,MPP,6025,,laden,UNLOADING,B14,Mersin,Alexandria,2026-05-04T05:05:37.929728+00:00,2026-05-04T06:27:27.206227+00:00,1.36
1028188,NORD BAY,BULK,64000,81431.5,,AT_BERTH,B67,Gibraltar,FOR ORDERS,2026-05-04T03:42:57.845811+00:00,2026-05-04T07:33:10.983378+00:00,3.84
9962990,WES MADITA,MPP,3850,5250,,AT_BERTH,B42,Alexandria,Boston,2026-05-04T06:27:27.206227+00:00,2026-05-04T07:33:10.983378+00:00,1.1
9003548,TUGBERK IMAMOGLU,MPP,4598,4870,laden,UNLOADING,B10,Gandia,Alexandria,2026-05-04T05:05:37.929728+00:00,2026-05-04T07:33:10.983378+00:00,2.46
1028188,NORD BAY,BULK,64000,81431.5,,AT_BERTH,B68,Gibraltar,FOR ORDERS,2026-05-04T08:45:26.700592+00:00,2026-05-04T09:40:11.251902+00:00,0.91
8918722,BOB,MPP,7498,7850,laden,UNLOADING,B13,Mersin,Alexandria,2026-05-03T15:44:14.005310+00:00,2026-05-04T11:31:44.645307+00:00,19.79
9003548,TUGBERK IMAMOGLU,MPP,4598,4870,laden,UNLOADING,B10,Gandia,Alexandria,2026-05-04T10:36:17.873758+00:00,2026-05-04T11:31:44.645307+00:00,0.92
9996915,MAASVLIET,MPP,3800,,,AT_BERTH,B47,Alexandria,Alexandria,2026-05-04T03:42:57.845811+00:00,2026-05-04T13:01:27.581139+00:00,9.31
9003548,TUGBERK IMAMOGLU,MPP,4598,4870,laden,UNLOADING,B11,Gandia,Alexandria,2026-05-04T12:24:49.508890+00:00,2026-05-04T13:01:27.581139+00:00,0.61
1028188,NORD BAY,BULK,64000,81431.5,,AT_BERTH,B67,Gibraltar,FOR ORDERS,2026-05-04T10:36:17.873758+00:00,2026-05-04T15:12:57.793766+00:00,4.61
9259020,SARA,MPP,8949,12629,laden,UNLOADING,B41,Icdas Port,Alexandria,2026-05-04T07:33:10.983378+00:00,2026-05-04T16:10:21.131263+00:00,8.62
9363314,POCHARD S,MPP,32285,42595,laden,UNLOADING,B66,Gelibolu,Alexandria,2026-05-04T01:12:53.697610+00:00,2026-05-04T17:03:46.518307+00:00,15.85
9996915,MAASVLIET,MPP,3800,,,AT_BERTH,B47,Alexandria,Alexandria,2026-05-04T15:12:57.793766+00:00,2026-05-04T17:03:46.518307+00:00,1.85
1028188,NORD BAY,BULK,64000,81431.5,,AT_BERTH,B68,Gibraltar,FOR ORDERS,2026-05-04T16:10:21.131263+00:00,2026-05-04T17:59:36.396516+00:00,1.82
1028188,NORD BAY,BULK,64000,81431.5,,AT_BERTH,B67,Gibraltar,FOR ORDERS,2026-05-04T18:44:49.864166+00:00,2026-05-04T20:50:59.338277+00:00,2.1
9996915,MAASVLIET,MPP,3800,,,AT_BERTH,B47,Alexandria,Alexandria,2026-05-04T18:44:49.864166+00:00,2026-05-04T21:21:06.062137+00:00,2.6
9650494,COMMANDER K,BULK,35207,45241,laden,UNLOADING,B16,Marsaxlokk,Alexandria,2026-05-04T07:33:10.983378+00:00,2026-05-04T21:47:20.394361+00:00,14.24
1028188,NORD BAY,BULK,64000,81431.5,,AT_BERTH,B68,Gibraltar,FOR ORDERS,2026-05-04T21:21:06.062137+00:00,2026-05-04T22:17:45.001002+00:00,0.94
9996915,MAASVLIET,MPP,3800,,,AT_BERTH,B46,Alexandria,Alexandria,2026-05-04T21:47:20.394361+00:00,2026-05-04T22:17:45.001002+00:00,0.51
9650494,COMMANDER K,BULK,35207,45241,laden,UNLOADING,B18,Marsaxlokk,Alexandria,2026-05-04T22:17:45.001002+00:00,2026-05-04T23:15:36.769981+00:00,0.96
9003548,TUGBERK IMAMOGLU,MPP,4598,4870,laden,UNLOADING,B10,Gandia,Alexandria,2026-05-04T14:13:28.182984+00:00,2026-05-05T00:15:24.006523+00:00,10.03
9996915,MAASVLIET,MPP,3800,,,AT_BERTH,B47,Alexandria,Alexandria,2026-05-04T22:46:10.908146+00:00,2026-05-05T03:41:24.199678+00:00,4.92
9003548,TUGBERK IMAMOGLU,MPP,4598,4870,laden,UNLOADING,B10,Gandia,Alexandria,2026-05-05T02:15:20.344067+00:00,2026-05-05T03:41:24.199678+00:00,1.43
1028188,NORD BAY,BULK,64000,81431.5,,AT_BERTH,B67,Gibraltar,FOR ORDERS,2026-05-04T22:46:10.908146+00:00,2026-05-05T04:59:56.513769+00:00,6.23
9213090,TRANSOSPREY,MPP,20396,26474,laden,UNLOADING,B36,Branno,Alexandria,2026-04-29T11:59:42.570540+00:00,2026-05-05T06:57:12.121907+00:00,138.96
9165310,MERNA 2,MPP,14413,,laden,UNLOADING,B28,Benghazi,Alexandria,2026-05-03T13:27:37.593527+00:00,2026-05-05T06:57:12.121907+00:00,41.49
9348168,MAERSK IZMIR,CONT,44331,,laden,UNLOADING,B73,Haifa,Alexandria,2026-05-02T13:27:53.892733+00:00,2026-05-05T07:40:36.318935+00:00,66.21
1028188,NORD BAY,BULK,64000,81431.5,,AT_BERTH,B68,Gibraltar,FOR ORDERS,2026-05-05T05:58:39.260653+00:00,2026-05-05T07:40:36.318935+00:00,1.7
9061265,ARCHERFISH,CONT,6153,7570,laden,UNLOADING,B53,Sanko,Alexandria,2026-05-02T11:44:04.015163+00:00,2026-05-05T08:39:06.043931+00:00,68.92
9003548,TUGBERK IMAMOGLU,MPP,4598,4870,laden,UNLOADING,B10,Gandia,Alexandria,2026-05-05T05:58:39.260653+00:00,2026-05-05T08:39:06.043931+00:00,2.67
9947732,SONGA PANTHER,CONT,,,,AT_BERTH,BALEXANDRIA OFFSHORE BERTH,El Dekheila,Alexandria,2026-05-03T13:27:37.593527+00:00,2026-05-05T08:39:06.043931+00:00,43.19
9919606,CPC IV,TANK,1681,,,AT_BERTH,B86,El Dekheila,Alexandria,2026-04-25T04:57:42.502289+00:00,2026-05-05T08:39:06.043931+00:00,243.69
9259020,SARA,MPP,8949,12629,ballast,LOADING,B41,Alexandria,Istanbul,2026-05-04T17:59:36.396516+00:00,2026-05-05T09:33:04.313215+00:00,15.56
9650494,COMMANDER K,BULK,35207,45241,laden,UNLOADING,B16,Marsaxlokk,Alexandria,2026-05-04T23:45:15.346799+00:00,2026-05-05T09:33:04.313215+00:00,9.8
7352464,SEA HORIZON,MPP,6874,7996,,AT_BERTH,B82,Zeytinburnu,Alexandria,2026-04-25T10:32:15.914537+00:00,2026-05-05T10:30:18.905802+00:00,239.97
1016575,JUDITH BORCHARD,CONT,17500,,,AT_BERTH,B54,Ashdod,Alexandria,2026-05-04T01:12:53.697610+00:00,2026-05-05T11:51:21.418745+00:00,34.64
9919606,CPC IV,TANK,1681,,,AT_BERTH,B38,El Dekheila,Alexandria,2026-05-05T09:33:04.313215+00:00,2026-05-05T12:17:19.635165+00:00,2.74
9360984,ADMIRAL MARS,CONT,8820,,laden,UNLOADING,B72,Ashdod,Alexandria,2026-05-05T10:30:18.905802+00:00,2026-05-05T12:52:47.736000+00:00,2.37
8322040,DODO,MPP,6025,,laden,UNLOADING,B14,Mersin,Alexandria,2026-05-04T08:45:26.700592+00:00,2026-05-05T12:52:47.736000+00:00,28.12
8322040,DODO,MPP,6025,,laden,UNLOADING,B13,Mersin,Alexandria,2026-05-05T13:30:15.717503+00:00,2026-05-05T14:19:20.640947+00:00,0.82
9363314,POCHARD S,MPP,32285,42595,laden,UNLOADING,B66,Gelibolu,Alexandria,2026-05-04T18:44:49.864166+00:00,2026-05-05T14:19:20.640947+00:00,19.58
9827243,IGUAZU HIGHWAY,CAR,21052,,laden,UNLOADING,B39,Tanjong Pagar,Alexandria,2026-05-05T07:40:36.318935+00:00,2026-05-05T14:19:20.640947+00:00,6.65
9962990,WES MADITA,MPP,3850,5250,,AT_BERTH,B42,Alexandria,Boston,2026-05-04T09:40:11.251902+00:00,2026-05-05T14:19:20.640947+00:00,28.65
9365855,MUSTAFA DAYI,CONT,26811,,laden,UNLOADING,B51,Advansa Sasa Terminal,Alexandria,2026-05-03T18:13:13.974789+00:00,2026-05-05T17:58:59.825986+00:00,47.76
9839818,BULK ANTIGUA,BULK,61602,77546,laden,UNLOADING,B24,Arroyo Seco,Alexandria,2026-04-30T09:13:35.955132+00:00,2026-05-05T18:42:10.728242+00:00,129.48
9360984,ADMIRAL MARS,CONT,8820,,laden,UNLOADING,B72,Ashdod,Alexandria,2026-05-05T14:19:20.640947+00:00,2026-05-05T21:47:13.854888+00:00,7.46
9323481,CMA CGM ABIDJAN,CONT,23447,,laden,UNLOADING,BALEXANDRIA OFFSHORE BERTH,Mersin,Alexandria,2026-05-05T09:33:04.313215+00:00,2026-05-06T07:21:21.122785+00:00,21.8
9698367,ECO CHIOS,TANK,5878,,ballast,LOADING,B87_4,Tripoli,Alexandria,2026-05-05T06:57:12.121907+00:00,2026-05-06T07:21:21.122785+00:00,24.4
9919606,CPC IV,TANK,1681,,,AT_BERTH,B86,El Dekheila,Alexandria,2026-05-05T13:30:15.717503+00:00,2026-05-06T07:21:21.122785+00:00,17.85
9919606,CPC IV,TANK,1681,,,AT_BERTH,B44,El Dekheila,Alexandria,2026-05-06T09:15:53.733495+00:00,2026-05-06T12:06:20.322496+00:00,2.84
9242302,KAPTAN AYTAC A,CONT,17183,,laden,UNLOADING,B51,Ambarli,Alexandria,2026-05-05T20:47:41.529130+00:00,2026-05-06T12:06:20.322496+00:00,15.31
9504607,AL RAWDAH,CONT,34066,,laden,UNLOADING,B54,Port Said,Alexandria,2026-05-05T17:01:03.838593+00:00,2026-05-06T12:06:20.322496+00:00,19.09
9173355,GOLDEN SEA,BULK,15962,17634,ballast,LOADING,B68,Zeytinburnu,Alexandria,2026-05-03T22:43:24.475353+00:00,2026-05-06T15:16:55.827135+00:00,64.56
9379571,KAWA BUDAPEST,CONT,15247,,laden,UNLOADING,B73,El Dekheila,Alexandria,2026-05-06T13:03:20.263089+00:00,2026-05-06T16:59:57.444856+00:00,3.94
9262936,CPT GEORGIOS S,BULK,74181,89246,laden,UNLOADING,B85_1,Marsaxlokk,Alexandria,2026-04-27T13:42:41.258284+00:00,2026-05-06T18:27:21.156236+00:00,220.74
9415997,AL BIDDA,CONT,12542,,laden,UNLOADING,B53,Dilovasi,Alexandria,2026-05-06T15:16:55.827135+00:00,2026-05-06T19:06:28.004305+00:00,3.83
9415143,EIDER,BULK,29859,39076,laden,UNLOADING,B72,Annaba,Alexandria,2026-05-06T13:03:20.263089+00:00,2026-05-06T20:03:49.852049+00:00,7.01
9460825,DILOS,TANK,4593,,ballast,LOADING,B67,Port Said,Alexandria,2026-05-06T23:14:01.682963+00:00,2026-05-06T23:44:46.475221+00:00,0.51
8853673,M/T MARGIE,TANK,1056,,,AT_BERTH,B12,Benghazi,Damietta,2026-04-29T12:47:15.853192+00:00,2026-05-07T01:12:42.638463+00:00,180.42
9127538,EGY FUTURE,CONT,18425,,laden,UNLOADING,BALEXANDRIA OFFSHORE BERTH,Alexandria,EGTMT,2026-05-06T07:21:21.122785+00:00,2026-05-07T01:12:42.638463+00:00,17.86
8322040,DODO,MPP,6025,,ballast,LOADING,B14,Mersin,Mersin,2026-05-05T17:58:59.825986+00:00,2026-05-07T02:15:26.130817+00:00,32.27
9415143,EIDER,BULK,29859,39076,laden,UNLOADING,B72,Annaba,Alexandria,2026-05-07T01:12:42.638463+00:00,2026-05-07T02:15:26.130817+00:00,1.05
9460825,DILOS,TANK,4593,,ballast,LOADING,B67,Port Said,Alexandria,2026-05-07T01:12:42.638463+00:00,2026-05-07T07:26:34.981526+00:00,6.23
9227900,GRAND BENELUX,CAR,12594,,laden,UNLOADING,B22,Monfalcone,Alexandria,2026-05-07T01:12:42.638463+00:00,2026-05-07T11:13:03.477176+00:00,10.01
9736042,AMIRA NORA,MPP,33399,43205,laden,UNLOADING,B37,Zeytinburnu,Alexandria,2026-05-05T12:17:19.635165+00:00,2026-05-07T12:06:38.307815+00:00,47.82
9358890,SKYVIEW,CONT,17004,,laden,UNLOADING,BALEXANDRIA OFFSHORE BERTH,Annaba,Alexandria,2026-05-06T10:14:48.308674+00:00,2026-05-07T13:04:51.903979+00:00,26.83
9379117,ZELEK STAR,MPP,4890,5040,laden,UNLOADING,B43,Kishon Zone,Alexandria,2026-05-05T07:40:36.318935+00:00,2026-05-07T13:04:51.903979+00:00,53.4
9650901,ARCTIC ROCK,MPP,3000,6209,ballast,LOADING,B10,Limassol,Alexandria,2026-05-05T17:01:03.838593+00:00,2026-05-07T14:14:19.657267+00:00,45.22
9516131,SEA DISCOVERY,MPP,9382,12060,laden,UNLOADING,B84,Uddevalla,Alexandria,2026-05-06T12:06:20.322496+00:00,2026-05-07T14:14:19.657267+00:00,26.13
9415997,AL BIDDA,CONT,12542,,laden,UNLOADING,B53,Dilovasi,Alexandria,2026-05-06T20:55:08.199431+00:00,2026-05-07T15:19:02.319059+00:00,18.4
7510884,ALFA WATAN,MPP,3160,,,AT_BERTH,B11,Tartous,Alexandria,2026-05-02T13:57:33.610785+00:00,2026-05-07T17:05:31.515610+00:00,123.13
9650901,ARCTIC ROCK,MPP,3000,6209,ballast,LOADING,B14,Limassol,Alexandria,2026-05-07T15:19:02.319059+00:00,2026-05-07T17:05:31.515610+00:00,1.77
9516131,SEA DISCOVERY,MPP,9382,12060,laden,UNLOADING,B87_5,Uddevalla,Alexandria,2026-05-07T15:19:02.319059+00:00,2026-05-07T17:05:31.515610+00:00,1.77
8853673,M/T MARGIE,TANK,1056,,,AT_BERTH,B12,Benghazi,Damietta,2026-05-07T07:26:34.981526+00:00,2026-05-07T18:00:58.688001+00:00,10.57
9315927,SASKIA A,CONT,39257,,laden,UNLOADING,B51,El Dekheila,Alexandria,2026-05-06T14:14:21.053207+00:00,2026-05-07T18:00:58.688001+00:00,27.78
9428774,JOY X,MPP,8280,11704,laden,UNLOADING,B38,Gelibolu,Alexandria,2026-05-05T06:57:12.121907+00:00,2026-05-07T18:00:58.688001+00:00,59.06
9516131,SEA DISCOVERY,MPP,9382,12060,laden,UNLOADING,B84,Uddevalla,Alexandria,2026-05-07T18:00:58.688001+00:00,2026-05-07T19:03:37.447305+00:00,1.04
9216107,EGY CROWN,CONT,18425,,laden,UNLOADING,B73,Port Said,Alexandria,2026-05-07T16:11:26.505956+00:00,2026-05-07T19:59:11.938966+00:00,3.8
9984845,POLSTEAM WELTYN,BULK,,49000,,AT_BERTH,B39,Escombreras,Alexandria,2026-05-06T13:03:20.263089+00:00,2026-05-07T20:35:02.079399+00:00,31.53
9736042,AMIRA NORA,MPP,33399,43205,laden,UNLOADING,B37,Zeytinburnu,Alexandria,2026-05-07T14:14:19.657267+00:00,2026-05-07T20:35:02.079399+00:00,6.35
9650901,ARCTIC ROCK,MPP,3000,6209,ballast,LOADING,B13,Limassol,Alexandria,2026-05-07T18:00:58.688001+00:00,2026-05-07T20:35:02.079399+00:00,2.57
9663128,CX KALAVRYTA,BULK,63325,78860,laden,UNLOADING,B67,Marsaxlokk,Alexandria,2026-05-05T17:01:03.838593+00:00,2026-05-07T21:17:59.022346+00:00,52.28
9414199,ANKA BRAVE,MPP,7778,9003,ballast,LOADING,B35,Zeytinburnu,Alexandria,2026-05-05T13:30:15.717503+00:00,2026-05-07T22:19:10.193068+00:00,56.82
9663128,CX KALAVRYTA,BULK,63325,78860,laden,UNLOADING,B68,Marsaxlokk,Alexandria,2026-05-07T21:45:44.155948+00:00,2026-05-07T22:19:10.193068+00:00,0.56
9516131,SEA DISCOVERY,MPP,9382,12060,laden,UNLOADING,B87_5,Uddevalla,Alexandria,2026-05-07T19:59:11.938966+00:00,2026-05-07T23:15:58.911905+00:00,3.28
9984845,POLSTEAM WELTYN,BULK,,49000,,AT_BERTH,B49,Escombreras,Alexandria,2026-05-07T21:17:59.022346+00:00,2026-05-08T00:15:28.122806+00:00,2.96
9919606,CPC IV,TANK,1681,,,AT_BERTH,B86,El Dekheila,Alexandria,2026-05-06T14:14:21.053207+00:00,2026-05-08T01:13:30.062492+00:00,34.99
9650901,ARCTIC ROCK,MPP,3000,6209,ballast,LOADING,B14,Limassol,Alexandria,2026-05-07T21:17:59.022346+00:00,2026-05-08T01:13:30.062492+00:00,3.93
9516131,SEA DISCOVERY,MPP,9382,12060,laden,UNLOADING,B84,Uddevalla,Alexandria,2026-05-07T23:45:26.356824+00:00,2026-05-08T02:15:52.007415+00:00,2.51
9236987,AL NABILA 6,TANK,34810,,laden,UNLOADING,B87_3,Suez,Alexandria,2026-05-05T12:52:47.736000+00:00,2026-05-08T03:42:25.037074+00:00,62.83
9415997,AL BIDDA,CONT,12542,,laden,UNLOADING,B53,Dilovasi,Alexandria,2026-05-08T02:15:52.007415+00:00,2026-05-08T03:42:25.037074+00:00,1.44
9168403,HAMBURG.HS,MPP,8889,11170,laden,UNLOADING,B82,Qasr Ahmed,Alexandria,2026-05-05T17:01:03.838593+00:00,2026-05-08T04:57:51.064136+00:00,59.95
9919606,CPC IV,TANK,1681,,,AT_BERTH,B86,El Dekheila,Alexandria,2026-05-08T03:42:25.037074+00:00,2026-05-08T04:57:51.064136+00:00,1.26
9650901,ARCTIC ROCK,MPP,3000,6209,ballast,LOADING,B10,Limassol,Alexandria,2026-05-08T04:57:51.064136+00:00,2026-05-08T05:44:27.186159+00:00,0.78
9415997,AL BIDDA,CONT,12542,,laden,UNLOADING,B53,Alexandria,Trier,2026-05-08T05:44:27.186159+00:00,2026-05-08T06:29:40.659629+00:00,0.75
9650901,ARCTIC ROCK,MPP,3000,6209,ballast,LOADING,B14,Limassol,Alexandria,2026-05-08T06:29:40.659629+00:00,2026-05-08T07:05:40.938862+00:00,0.6
9379349,MICHEL A,CONT,22014,,laden,UNLOADING,B53,Salerno,Alexandria,2026-05-08T07:05:40.938862+00:00,2026-05-08T08:02:26.483914+00:00,0.95
9516131,SEA DISCOVERY,MPP,9382,12060,laden,UNLOADING,B87_5,Uddevalla,Alexandria,2026-05-08T03:42:25.037074+00:00,2026-05-08T08:02:26.483914+00:00,4.33
9650901,ARCTIC ROCK,MPP,3000,6209,ballast,LOADING,B10,Limassol,Alexandria,2026-05-08T08:02:26.483914+00:00,2026-05-08T09:35:32.756003+00:00,1.55
9379349,MICHEL A,CONT,22014,,laden,UNLOADING,B54,Salerno,Alexandria,2026-05-08T08:57:12.440242+00:00,2026-05-08T10:28:30.493588+00:00,1.52
8859029,KING ALEX,MPP,1268,3589,laden,UNLOADING,B43,Assan Port,Alexandria,2026-05-08T04:57:51.064136+00:00,2026-05-08T11:32:59.284681+00:00,6.59
9216107,EGY CROWN,CONT,18425,,laden,UNLOADING,B73,Port Said,Alexandria,2026-05-07T21:17:59.022346+00:00,2026-05-08T12:56:07.512079+00:00,15.64
8859029,KING ALEX,MPP,1268,3589,laden,UNLOADING,B44,Assan Port,Alexandria,2026-05-08T12:20:43.506914+00:00,2026-05-08T13:32:03.261801+00:00,1.19
9650901,ARCTIC ROCK,MPP,3000,6209,ballast,LOADING,B10,Limassol,Alexandria,2026-05-08T10:57:20.425627+00:00,2026-05-08T13:32:03.261801+00:00,2.58
9516131,SEA DISCOVERY,MPP,9382,12060,laden,UNLOADING,B84,Uddevalla,Alexandria,2026-05-08T08:57:12.440242+00:00,2026-05-08T16:54:31.476260+00:00,7.96
9650901,ARCTIC ROCK,MPP,3000,6209,ballast,LOADING,B10,Limassol,Alexandria,2026-05-08T15:28:16.975405+00:00,2026-05-08T17:57:02.296511+00:00,2.48
8859029,KING ALEX,MPP,1268,3589,laden,UNLOADING,B43,Assan Port,Alexandria,2026-05-08T14:31:13.748398+00:00,2026-05-08T17:57:02.296511+00:00,3.43
9379349,MICHEL A,CONT,22014,,laden,UNLOADING,B53,Salerno,Alexandria,2026-05-08T10:57:20.425627+00:00,2026-05-08T18:31:33.550960+00:00,7.57
9516131,SEA DISCOVERY,MPP,9382,12060,laden,UNLOADING,B87_5,Uddevalla,Alexandria,2026-05-08T17:27:55.998102+00:00,2026-05-08T18:31:33.550960+00:00,1.06
8859029,KING ALEX,MPP,1268,3589,laden,UNLOADING,B44,Assan Port,Alexandria,2026-05-08T18:31:33.550960+00:00,2026-05-08T19:27:47.664164+00:00,0.94
9084255,SEA ADVENTURE,BULK,18703,23212,laden,UNLOADING,B82,Martas,EG ALEX,2026-05-08T16:00:53.240263+00:00,2026-05-08T20:46:39.515211+00:00,4.76
9535618,FRANZISKA,MPP,10872,14837,laden,UNLOADING,B66,Djazair,Alexandria,2026-05-07T07:26:34.981526+00:00,2026-05-08T21:46:07.154176+00:00,38.33
9379349,MICHEL A,CONT,22014,,laden,UNLOADING,B54,Salerno,Alexandria,2026-05-08T20:46:39.515211+00:00,2026-05-08T22:16:56.040588+00:00,1.5
8859029,KING ALEX,MPP,1268,3589,laden,UNLOADING,B43,Assan Port,Alexandria,2026-05-08T21:19:03.472680+00:00,2026-05-08T22:45:38.535900+00:00,1.44
9516131,SEA DISCOVERY,MPP,9382,12060,laden,UNLOADING,B84,Uddevalla,Alexandria,2026-05-08T19:27:47.664164+00:00,2026-05-08T22:45:38.535900+00:00,3.3
9379349,MICHEL A,CONT,22014,,laden,UNLOADING,B53,Salerno,Alexandria,2026-05-08T22:45:38.535900+00:00,2026-05-08T23:45:49.208379+00:00,1.0
8859029,KING ALEX,MPP,1268,3589,laden,UNLOADING,B44,Assan Port,Alexandria,2026-05-08T23:16:22.712964+00:00,2026-05-09T00:16:39.339479+00:00,1.0
9516131,SEA DISCOVERY,MPP,9382,12060,laden,UNLOADING,B87_5,Uddevalla,Alexandria,2026-05-08T23:16:22.712964+00:00,2026-05-09T00:16:39.339479+00:00,1.0
9516131,SEA DISCOVERY,MPP,9382,12060,laden,UNLOADING,B84,Uddevalla,Alexandria,2026-05-09T01:11:45.920835+00:00,2026-05-09T02:15:30.438668+00:00,1.06
9360283,MSC AUBE F,CONT,15220,,laden,UNLOADING,B51,Ashdod,Alexandria,2026-05-08T02:15:52.007415+00:00,2026-05-09T05:01:24.575524+00:00,26.76
9379349,MICHEL A,CONT,22014,,laden,UNLOADING,B53,Salerno,Alexandria,2026-05-09T01:11:45.920835+00:00,2026-05-09T05:01:24.575524+00:00,3.83
8859029,KING ALEX,MPP,1268,3589,laden,UNLOADING,B43,Assan Port,Alexandria,2026-05-09T01:11:45.920835+00:00,2026-05-09T05:01:24.575524+00:00,3.83
9516131,SEA DISCOVERY,MPP,9382,12060,laden,UNLOADING,B84,Uddevalla,Alexandria,2026-05-09T05:01:24.575524+00:00,2026-05-09T08:08:31.233977+00:00,3.12
9379349,MICHEL A,CONT,22014,,laden,UNLOADING,B54,Salerno,Alexandria,2026-05-09T06:14:09.259781+00:00,2026-05-09T08:08:31.233977+00:00,1.91
9379349,MICHEL A,CONT,22014,,laden,UNLOADING,B53,Salerno,Alexandria,2026-05-09T08:58:47.789071+00:00,2026-05-09T09:38:26.385003+00:00,0.66
8859029,KING ALEX,MPP,1268,3589,laden,UNLOADING,B43,Assan Port,Alexandria,2026-05-09T08:58:47.789071+00:00,2026-05-09T09:38:26.385003+00:00,0.66
9938274,CMA CGM SAO PAULO,CONT,145650,,,AT_BERTH,BALEXANDRIA OFFSHORE BERTH,Mersin,Alexandria,2026-05-09T10:45:41.897724+00:00,2026-05-09T11:16:06.713144+00:00,0.51
9984845,POLSTEAM WELTYN,BULK,,49000,,AT_BERTH,B39,Escombreras,Alexandria,2026-05-08T01:13:30.062492+00:00,2026-05-09T12:12:46.871173+00:00,34.99
9379349,MICHEL A,CONT,22014,,laden,UNLOADING,B53,Salerno,Alexandria,2026-05-09T10:45:41.897724+00:00,2026-05-09T13:27:57.648975+00:00,2.7
8859029,KING ALEX,MPP,1268,3589,laden,UNLOADING,B43,Assan Port,Alexandria,2026-05-09T14:00:34.328834+00:00,2026-05-09T15:44:49.206258+00:00,1.74
9379349,MICHEL A,CONT,22014,,laden,UNLOADING,B53,Salerno,Beirut,2026-05-09T14:44:40.704120+00:00,2026-05-09T15:44:49.206258+00:00,1.0
9379349,MICHEL A,CONT,22014,,laden,UNLOADING,B54,Salerno,Beirut,2026-05-09T16:14:15.405007+00:00,2026-05-09T16:45:09.727241+00:00,0.52
8859029,KING ALEX,MPP,1268,3589,laden,UNLOADING,B43,Assan Port,Alexandria,2026-05-09T16:45:09.727241+00:00,2026-05-09T18:14:02.461897+00:00,1.48
9379349,MICHEL A,CONT,22014,,laden,UNLOADING,B53,Salerno,Beirut,2026-05-09T17:16:48.428744+00:00,2026-05-09T19:46:33.466730+00:00,2.5
9227924,GRANDE SPAGNA,CAR,12590,,laden,UNLOADING,B27,Piraeus,Alexandria,2026-05-09T06:14:09.259781+00:00,2026-05-09T21:43:52.468388+00:00,15.5
8859029,KING ALEX,MPP,1268,3589,laden,UNLOADING,B43,Assan Port,Alexandria,2026-05-09T20:10:57.778026+00:00,2026-05-09T21:43:52.468388+00:00,1.55
9143879,MED IZMIR,CONT,9950,,laden,UNLOADING,B53,Dilovasi,Alexandria,2026-05-08T03:42:25.037074+00:00,2026-05-09T21:43:52.468388+00:00,42.02
9379349,MICHEL A,CONT,22014,,laden,UNLOADING,B54,Salerno,Beirut,2026-05-09T20:10:57.778026+00:00,2026-05-09T22:11:56.857579+00:00,2.02
9379349,MICHEL A,CONT,22014,,laden,UNLOADING,B53,Salerno,Beirut,2026-05-09T22:43:41.429728+00:00,2026-05-09T23:44:14.814306+00:00,1.01
8027573,ZEKO Y,MPP,8528,,laden,UNLOADING,B16,Kepez,Alexandria,2026-05-09T12:46:10.468726+00:00,2026-05-10T03:43:06.629354+00:00,14.95
9212010,MSC RACHEL F,CONT,15317,,laden,UNLOADING,B51,Limassol,Alexandria,2026-05-09T07:12:54.957252+00:00,2026-05-10T11:44:56.839349+00:00,28.53
9436666,HISTRIA PRINCE,TANK,40410,,laden,UNLOADING,B87_5,Antwerp,Alexandria,2026-05-06T18:27:21.156236+00:00,2026-05-10T12:12:19.472298+00:00,89.75
9549310,SNP PAZAR,MPP,2768,3800,ballast,LOADING,B43,Damietta,Alexandria,2026-05-10T08:13:26.804298+00:00,2026-05-10T12:12:19.472298+00:00,3.98
1069297,CL EQUALITY,MPP,,74862.41,,AT_BERTH,B72,Donso,Alexandria,2026-05-10T09:56:46.831766+00:00,2026-05-10T12:46:10.318130+00:00,2.82
9744673,VICTORIA FORTUNE,CONT,23512,,laden,UNLOADING,B54,Damietta,Alexandria,2026-05-10T07:17:11.030990+00:00,2026-05-10T13:28:09.063697+00:00,6.18
1078664,CSS MILA,MPP,8340,,,AT_BERTH,B41,Pamfilla,Alexandria,2026-05-10T08:13:26.804298+00:00,2026-05-10T14:44:58.776260+00:00,6.53
9138692,SMS PANAMERA,BULK,24110,31950,ballast,LOADING,B68,Zeytinburnu,Alexandria,2026-05-03T14:44:34.148927+00:00,2026-05-10T16:45:02.626302+00:00,170.01
9663128,CX KALAVRYTA,BULK,63325,78860,laden,UNLOADING,B67,Marsaxlokk,Alexandria,2026-05-07T22:46:23.031782+00:00,2026-05-10T16:45:02.626302+00:00,65.98
9437799,IDEFIX,MPP,6036,7815,laden,UNLOADING,B11,Gandia,Alexandria,2026-05-10T15:17:25.593248+00:00,2026-05-10T16:45:02.626302+00:00,1.46
1078664,CSS MILA,MPP,8340,,,AT_BERTH,B47,Pamfilla,Alexandria,2026-05-10T15:17:25.593248+00:00,2026-05-10T18:13:58.166414+00:00,2.94
1078664,CSS MILA,MPP,8340,,,AT_BERTH,B41,Pamfilla,Alexandria,2026-05-10T18:45:39.275338+00:00,2026-05-10T19:47:52.065181+00:00,1.04
9437799,IDEFIX,MPP,6036,7815,laden,UNLOADING,B11,Gandia,Alexandria,2026-05-10T18:13:58.166414+00:00,2026-05-10T20:11:50.148940+00:00,1.96
9204790,TIMBERLAND,MPP,20406,25000,ballast,LOADING,B37,Branno,Alexandria,2026-05-10T08:13:26.804298+00:00,2026-05-10T21:44:16.597346+00:00,13.51
1078664,CSS MILA,MPP,8340,,,AT_BERTH,B47,Pamfilla,Alexandria,2026-05-10T20:11:50.148940+00:00,2026-05-10T21:44:16.597346+00:00,1.54
9437799,IDEFIX,MPP,6036,7815,laden,UNLOADING,B12,Gandia,Alexandria,2026-05-10T20:44:04.908622+00:00,2026-05-10T21:44:16.597346+00:00,1.0
1069297,CL EQUALITY,MPP,,74862.41,,AT_BERTH,B72,Donso,Alexandria,2026-05-10T20:11:50.148940+00:00,2026-05-10T23:14:31.127628+00:00,3.04
1078664,CSS MILA,MPP,8340,,,AT_BERTH,B41,Pamfilla,Alexandria,2026-05-10T22:12:51.595420+00:00,2026-05-10T23:14:31.127628+00:00,1.03
9204790,TIMBERLAND,MPP,20406,25000,ballast,LOADING,B38,Branno,Alexandria,2026-05-10T22:12:51.595420+00:00,2026-05-10T23:14:31.127628+00:00,1.03
9549310,SNP PAZAR,MPP,2768,3800,ballast,LOADING,B43,Damietta,Alexandria,2026-05-10T13:28:09.063697+00:00,2026-05-10T23:44:45.083845+00:00,10.28
9554755,YM MIRANDA,TANK,12933,,laden,UNLOADING,B87_1,Priolo,El Dekheila,2026-05-08T13:32:03.261801+00:00,2026-05-11T00:15:26.607049+00:00,58.72
9264726,MEDKON LTF,CONT,8015,,laden,UNLOADING,B51,Baticim,Alexandria,2026-05-10T13:28:09.063697+00:00,2026-05-11T00:15:26.607049+00:00,10.79
9204790,TIMBERLAND,MPP,20406,25000,ballast,LOADING,B37,Branno,Alexandria,2026-05-10T23:44:45.083845+00:00,2026-05-11T00:15:26.607049+00:00,0.51
9437799,IDEFIX,MPP,6036,7815,laden,UNLOADING,B11,Gandia,Alexandria,2026-05-10T22:12:51.595420+00:00,2026-05-11T00:15:26.607049+00:00,2.04
9991757,LIAO HE KOU,CAR,19097,,,AT_BERTH,B22,Marchwood Port,Alexandria,2026-05-10T16:45:02.626302+00:00,2026-05-11T01:18:23.086991+00:00,8.56
9428774,JOY X,MPP,8280,11704,laden,UNLOADING,B38,Gelibolu,Alexandria,2026-05-07T19:59:11.938966+00:00,2026-05-11T01:18:23.086991+00:00,77.32
1028865,GRANDE MICHIGAN,CAR,19216,,,AT_BERTH,B39,Izmir,Alexandria,2026-05-10T01:18:08.454898+00:00,2026-05-11T02:15:59.737687+00:00,24.96
9356098,MAERSK NARMADA,CONT,34100,,laden,UNLOADING,B73,Haifa,Alexandria,2026-05-09T08:08:31.233977+00:00,2026-05-11T02:15:59.737687+00:00,42.12
1078664,CSS MILA,MPP,8340,,,AT_BERTH,B47,Pamfilla,Alexandria,2026-05-10T23:44:45.083845+00:00,2026-05-11T02:15:59.737687+00:00,2.52
9260366,NAVIS,TANK,6017,7077,ballast,LOADING,B87_4,Banias Terminal,Alexandria,2026-05-10T06:24:04.615635+00:00,2026-05-11T03:43:27.594178+00:00,21.32
9437799,IDEFIX,MPP,6036,7815,laden,UNLOADING,B12,Gandia,Alexandria,2026-05-11T01:18:23.086991+00:00,2026-05-11T03:43:27.594178+00:00,2.42
9084255,SEA ADVENTURE,BULK,18703,23212,laden,UNLOADING,B82,Martas,EG ALEX,2026-05-08T22:16:56.040588+00:00,2026-05-11T03:43:27.594178+00:00,53.44
9938274,CMA CGM SAO PAULO,CONT,145650,,,AT_BERTH,BALEXANDRIA OFFSHORE BERTH,Mersin,Alexandria,2026-05-09T12:46:10.468726+00:00,2026-05-11T08:06:59.600869+00:00,43.35
9996989,CMA CGM ANTIGONE,CONT,156100,,,AT_BERTH,BALEXANDRIA OFFSHORE BERTH,Amchit,Alexandria,2026-05-10T03:43:06.629354+00:00,2026-05-11T09:43:54.931813+00:00,30.01
9385441,MARWIN,CONT,8521,,laden,UNLOADING,B54,Piraeus,Alexandria,2026-05-10T18:13:58.166414+00:00,2026-05-11T12:07:01.897099+00:00,17.88
1069297,CL EQUALITY,MPP,,74862.41,,AT_BERTH,B72,Donso,Alexandria,2026-05-11T12:07:01.897099+00:00,2026-05-11T13:27:00.360568+00:00,1.33
9401934,ST. ANDREW,MPP,50779,57886,laden,UNLOADING,B20,Gibraltar,El Dekheila,2026-05-11T09:43:54.931813+00:00,2026-05-11T15:36:22.638471+00:00,5.87
9996989,CMA CGM ANTIGONE,CONT,156100,,,AT_BERTH,BALEXANDRIA OFFSHORE BERTH,Amchit,Alexandria,2026-05-11T12:07:01.897099+00:00,2026-05-11T16:49:46.924371+00:00,4.71
9640504,ILYA REPIN,TANK,7019,,laden,UNLOADING,B71,Chios,Alexandria,2026-05-08T21:19:03.472680+00:00,2026-05-11T18:31:38.332419+00:00,69.21
9535618,FRANZISKA,MPP,10872,14837,laden,UNLOADING,B28,Djazair,Alexandria,2026-05-10T23:44:45.083845+00:00,2026-05-11T19:30:29.154884+00:00,19.76
1078664,CSS MILA,MPP,8340,,,AT_BERTH,B41,Pamfilla,Alexandria,2026-05-11T06:42:58.707735+00:00,2026-05-11T22:19:53.296857+00:00,15.62
9084255,SEA ADVENTURE,BULK,18703,23212,laden,UNLOADING,B82,Martas,EG ALEX,2026-05-11T06:42:58.707735+00:00,2026-05-11T23:16:32.869248+00:00,16.56
1078664,CSS MILA,MPP,8340,,,AT_BERTH,B47,Pamfilla,Alexandria,2026-05-11T22:48:32.613348+00:00,2026-05-11T23:45:51.494715+00:00,0.96
9437799,IDEFIX,MPP,6036,7815,laden,UNLOADING,B11,Gandia,Alexandria,2026-05-11T05:14:42.724912+00:00,2026-05-11T23:45:51.494715+00:00,18.52
9239288,SEADRAGON,MPP,10500,14693,laden,UNLOADING,B51,Izmir,Alexandria,2026-05-10T07:17:11.030990+00:00,2026-05-12T00:17:26.959973+00:00,41.0
9248916,MEHMET KAHVECI A,CONT,18832,,laden,UNLOADING,B51,Perama,Alexandria,2026-05-11T14:19:10.330485+00:00,2026-05-12T00:17:26.959973+00:00,9.97
9084255,SEA ADVENTURE,BULK,18703,23212,laden,UNLOADING,B84,Martas,EG ALEX,2026-05-11T23:45:51.494715+00:00,2026-05-12T00:17:26.959973+00:00,0.53
9549310,SNP PAZAR,MPP,2768,3800,ballast,LOADING,B43,Damietta,Alexandria,2026-05-11T01:18:23.086991+00:00,2026-05-12T01:11:47.887394+00:00,23.89
9126352,ZAGOR,MPP,3332,5551,ballast,LOADING,B10,Koper,Alexandria,2026-05-12T07:26:28.769423+00:00,2026-05-12T09:21:43.285853+00:00,1.92
9126352,ZAGOR,MPP,3332,5551,ballast,LOADING,B11,Koper,Alexandria,2026-05-12T10:16:54.829152+00:00,2026-05-12T11:15:21.225472+00:00,0.97
9996989,CMA CGM ANTIGONE,CONT,156100,,,AT_BERTH,BALEXANDRIA OFFSHORE BERTH,Amchit,Alexandria,2026-05-11T18:31:38.332419+00:00,2026-05-12T12:09:12.303318+00:00,17.63
1069297,CL EQUALITY,MPP,,74862.41,,AT_BERTH,B71,Donso,Alexandria,2026-05-12T15:26:20.600447+00:00,2026-05-12T16:16:29.362166+00:00,0.84
9201803,CLARISSA,MPP,5375,7505,ballast,LOADING,B47,Zeytinburnu,Alexandria,2026-05-12T00:17:26.959973+00:00,2026-05-12T16:16:29.362166+00:00,15.98
9001150,LARA,MPP,8380,10859,laden,UNLOADING,B14,Mersin,Alexandria,2026-05-09T08:08:31.233977+00:00,2026-05-12T16:16:29.362166+00:00,80.13
9431331,MARINA L,CONT,16908,,laden,UNLOADING,BALEXANDRIA OFFSHORE BERTH,Annaba,Alexandria,2026-05-11T13:27:00.360568+00:00,2026-05-12T17:13:47.907214+00:00,27.78
9265598,MED TEKIRDAG,CONT,13760,,laden,UNLOADING,B54,Amchit,Alexandria,2026-05-11T15:36:22.638471+00:00,2026-05-12T17:13:47.907214+00:00,25.62
9278600,BARENTS,MPP,4303,6371,,AT_BERTH,B43,Akcansa Canakkale,Alexandria,2026-05-12T10:16:54.829152+00:00,2026-05-12T17:13:47.907214+00:00,6.95
