date,portid,portname,portcalls,portcalls_container,portcalls_dry_bulk,portcalls_general_cargo,portcalls_roro,portcalls_tanker,import,export
2025-01-01,port2044,El Dekheila,2,0,2,0,0,0,25397,1623
2025-01-01,port23,Alexandria,11,2,1,6,0,2,30952,52176
2025-01-02,port2044,El Dekheila,10,4,4,2,0,0,167755,22857
2025-01-02,port23,Alexandria,12,4,3,4,0,1,92630,189188
2025-01-03,port2044,El Dekheila,6,3,3,0,0,0,106135,17583
2025-01-03,port23,Alexandria,15,5,2,7,0,1,100063,119101
2025-01-04,port2044,El Dekheila,5,1,1,2,0,1,44047,17656
2025-01-04,port23,Alexandria,11,3,0,6,0,2,62670,22107
2025-01-05,port2044,El Dekheila,1,1,0,0,0,0,0,6446
2025-01-05,port23,Alexandria,7,2,1,3,0,1,46599,21101
2025-01-06,port2044,El Dekheila,8,3,3,1,0,1,77196,28603
2025-01-06,port23,Alexandria,15,5,3,6,0,1,178249,17169
2025-01-07,port2044,El Dekheila,6,1,3,0,0,2,147309,11938
2025-01-07,port23,Alexandria,11,2,3,4,0,2,162268,29457
2025-01-08,port2044,El Dekheila,6,2,3,1,0,0,115149,57553
2025-01-08,port23,Alexandria,6,2,1,3,0,0,51224,15018
2025-01-09,port2044,El Dekheila,4,2,1,1,0,0,65481,1060
2025-01-09,port23,Alexandria,9,4,1,3,0,1,91092,30364
2025-01-10,port2044,El Dekheila,6,0,1,3,0,2,57710,24097
2025-01-10,port23,Alexandria,8,1,3,2,0,2,116108,12984
2025-01-11,port2044,El Dekheila,4,3,1,0,0,0,37474,7744
2025-01-11,port23,Alexandria,7,3,2,0,2,0,63132,156227
2025-01-12,port2044,El Dekheila,6,1,2,3,0,0,4468,64786
2025-01-12,port23,Alexandria,7,3,4,0,0,0,55645,75496
2025-01-13,port2044,El Dekheila,6,2,1,1,0,2,47762,51751
2025-01-13,port23,Alexandria,15,3,5,6,1,0,194357,71555
2025-01-14,port2044,El Dekheila,5,3,1,1,0,0,56391,7686
2025-01-14,port23,Alexandria,14,4,1,5,0,4,190965,57932
2025-01-15,port2044,El Dekheila,8,3,4,1,0,0,214013,19606
2025-01-15,port23,Alexandria,10,4,0,6,0,0,69544,23032
2025-01-16,port2044,El Dekheila,6,2,0,2,0,2,3624,6353
2025-01-16,port23,Alexandria,8,3,1,2,0,2,47930,47480
2025-01-17,port2044,El Dekheila,5,2,1,2,0,0,67709,4103
2025-01-17,port23,Alexandria,8,3,1,2,2,0,64273,18236
2025-01-18,port2044,El Dekheila,5,3,0,1,0,1,7229,20267
2025-01-18,port23,Alexandria,11,3,2,4,1,1,136819,34071
2025-01-19,port2044,El Dekheila,3,1,1,1,0,0,40110,6911
2025-01-19,port23,Alexandria,5,2,1,1,0,1,23435,23687
2025-01-20,port2044,El Dekheila,7,6,0,1,0,0,6106,15676
2025-01-20,port23,Alexandria,15,5,2,5,1,2,96293,31046
2025-01-21,port2044,El Dekheila,6,2,3,0,0,1,107837,33323
2025-01-21,port23,Alexandria,7,3,2,2,0,0,48974,23801
2025-01-22,port2044,El Dekheila,3,2,1,0,0,0,0,47456
2025-01-22,port23,Alexandria,8,3,2,2,0,1,85883,23801
2025-01-23,port2044,El Dekheila,5,1,0,2,0,2,13679,36137
2025-01-23,port23,Alexandria,7,2,1,2,1,1,28346,12782
2025-01-24,port2044,El Dekheila,2,1,0,1,0,0,7996,0
2025-01-24,port23,Alexandria,16,5,4,7,0,0,114641,139083
2025-01-25,port2044,El Dekheila,8,5,2,0,0,1,85240,32078
2025-01-25,port23,Alexandria,12,3,3,4,0,2,119817,72209
2025-01-26,port2044,El Dekheila,5,3,0,1,0,1,5538,8001
2025-01-26,port23,Alexandria,11,3,2,6,0,0,231225,8186
2025-01-27,port2044,El Dekheila,4,3,0,0,0,1,2192,26801
2025-01-27,port23,Alexandria,17,2,8,3,1,3,193384,53713
2025-01-28,port2044,El Dekheila,4,2,2,0,0,0,69885,3963
2025-01-28,port23,Alexandria,11,3,1,4,0,3,92755,35547
2025-01-29,port2044,El Dekheila,6,2,2,0,0,2,39608,17028
2025-01-29,port23,Alexandria,8,1,2,4,0,1,40748,17631
2025-01-30,port2044,El Dekheila,6,2,2,1,0,1,45508,14650
2025-01-30,port23,Alexandria,9,4,1,4,0,0,42743,81823
2025-01-31,port2044,El Dekheila,6,2,3,1,0,0,233794,62535
2025-01-31,port23,Alexandria,11,4,6,1,0,0,178339,34293
2025-02-01,port2044,El Dekheila,5,3,0,2,0,0,3895,11950
2025-02-01,port23,Alexandria,11,4,1,6,0,0,46715,102914
2025-02-02,port2044,El Dekheila,4,1,1,2,0,0,39972,6667
2025-02-02,port23,Alexandria,7,3,3,1,0,0,109575,30538
2025-02-03,port2044,El Dekheila,5,2,3,0,0,0,39460,10805
2025-02-03,port23,Alexandria,16,4,7,4,0,1,166544,79576
2025-02-04,port2044,El Dekheila,4,3,1,0,0,0,42994,7020
2025-02-04,port23,Alexandria,10,3,2,5,0,0,42938,41751
2025-02-05,port2044,El Dekheila,2,0,1,0,0,1,37775,4840
2025-02-05,port23,Alexandria,5,2,1,1,0,1,59965,55609
2025-02-06,port2044,El Dekheila,0,0,0,0,0,0,0,0
2025-02-06,port23,Alexandria,1,0,0,1,0,0,1854,613
2025-02-07,port2044,El Dekheila,0,0,0,0,0,0,0,0
2025-02-07,port23,Alexandria,0,0,0,0,0,0,0,0
2025-02-08,port2044,El Dekheila,9,5,1,1,1,1,9706,21474
2025-02-08,port23,Alexandria,12,5,2,1,3,1,243379,40347
2025-02-09,port2044,El Dekheila,6,3,2,1,0,0,95803,22490
2025-02-09,port23,Alexandria,12,3,3,4,1,1,199264,32506
2025-02-10,port2044,El Dekheila,9,5,3,0,0,1,131364,59878
2025-02-10,port23,Alexandria,21,4,7,6,1,3,214303,102831
2025-02-11,port2044,El Dekheila,7,5,0,1,0,1,9209,15959
2025-02-11,port23,Alexandria,12,5,3,3,1,0,97849,138561
2025-02-12,port2044,El Dekheila,3,2,0,0,0,1,5905,21582
2025-02-12,port23,Alexandria,11,2,3,5,0,1,69055,23439
2025-02-13,port2044,El Dekheila,2,1,0,1,0,0,3895,3240
2025-02-13,port23,Alexandria,5,2,0,3,0,0,18670,21904
2025-02-14,port2044,El Dekheila,8,4,3,0,0,1,126726,33589
2025-02-14,port23,Alexandria,11,2,2,6,0,1,124878,21916
2025-02-15,port2044,El Dekheila,4,2,0,0,0,2,13489,11278
2025-02-15,port23,Alexandria,9,4,1,2,1,1,74291,28209
2025-02-16,port2044,El Dekheila,6,2,3,0,0,1,126638,21985
2025-02-16,port23,Alexandria,7,3,2,2,0,0,60651,55366
2025-02-17,port2044,El Dekheila,6,2,3,0,0,1,146217,29557
2025-02-17,port23,Alexandria,18,3,2,11,1,1,106155,52688
2025-02-18,port2044,El Dekheila,3,3,0,0,0,0,3429,6524
2025-02-18,port23,Alexandria,13,5,5,3,0,0,168474,18686
2025-02-19,port2044,El Dekheila,7,2,2,2,0,1,78355,21775
2025-02-19,port23,Alexandria,9,2,3,4,0,0,125223,27866
2025-02-20,port2044,El Dekheila,1,0,1,0,0,0,37474,4840
2025-02-20,port23,Alexandria,11,3,3,2,2,1,118392,52130
2025-02-21,port2044,El Dekheila,0,0,0,0,0,0,0,0
2025-02-21,port23,Alexandria,1,1,0,0,0,0,0,33436
2025-02-22,port2044,El Dekheila,0,0,0,0,0,0,0,0
2025-02-22,port23,Alexandria,0,0,0,0,0,0,0,0
2025-02-23,port2044,El Dekheila,4,1,2,0,0,1,124091,36398
2025-02-23,port23,Alexandria,12,6,1,1,3,1,140205,133713
2025-02-24,port2044,El Dekheila,11,6,4,0,0,1,192291,56756
2025-02-24,port23,Alexandria,24,5,7,10,2,0,226188,120564
2025-02-25,port2044,El Dekheila,4,3,0,1,0,0,34531,14805
2025-02-25,port23,Alexandria,12,2,3,5,1,1,106071,45171
2025-02-26,port2044,El Dekheila,3,0,0,1,0,2,4344,34016
2025-02-26,port23,Alexandria,18,5,4,6,0,3,210755,46867
2025-02-27,port2044,El Dekheila,5,3,2,0,0,0,31343,60071
2025-02-27,port23,Alexandria,12,6,3,2,0,1,117608,96577
2025-02-28,port2044,El Dekheila,6,1,2,0,0,3,118875,21306
2025-02-28,port23,Alexandria,8,3,1,3,0,1,117462,15680
2025-03-01,port2044,El Dekheila,9,7,1,0,0,1,45572,36880
2025-03-01,port23,Alexandria,13,4,1,5,0,3,83133,163118
2025-03-02,port2044,El Dekheila,4,2,1,0,0,1,11093,6469
2025-03-02,port23,Alexandria,5,3,1,0,0,1,44556,22666
2025-03-03,port2044,El Dekheila,3,1,1,1,0,0,1703,48615
2025-03-03,port23,Alexandria,20,4,3,10,2,1,198651,64670
2025-03-04,port2044,El Dekheila,8,1,4,1,0,2,209662,54463
2025-03-04,port23,Alexandria,12,2,2,5,1,2,21642,68246
2025-03-05,port2044,El Dekheila,5,4,0,0,0,1,24392,14295
2025-03-05,port23,Alexandria,16,6,5,4,1,0,244192,77696
2025-03-06,port2044,El Dekheila,4,2,1,0,0,1,37474,56512
2025-03-06,port23,Alexandria,9,4,2,3,0,0,38389,60626
2025-03-07,port2044,El Dekheila,6,3,2,1,0,0,51135,5949
2025-03-07,port23,Alexandria,10,6,2,1,0,1,123551,47173
2025-03-08,port2044,El Dekheila,4,2,1,1,0,0,35517,17734
2025-03-08,port23,Alexandria,12,5,2,5,0,0,160706,84957
2025-03-09,port2044,El Dekheila,4,3,0,1,0,0,4156,9872
2025-03-09,port23,Alexandria,4,2,1,1,0,0,127271,16206
2025-03-10,port2044,El Dekheila,9,4,3,1,0,1,94513,37883
2025-03-10,port23,Alexandria,20,5,7,7,0,1,222355,82643
2025-03-11,port2044,El Dekheila,6,2,1,0,0,3,51703,62291
2025-03-11,port23,Alexandria,11,3,2,5,1,0,92786,28479
2025-03-12,port2044,El Dekheila,5,3,2,0,0,0,44622,69074
2025-03-12,port23,Alexandria,13,5,4,4,0,0,104566,188674
2025-03-13,port2044,El Dekheila,3,2,0,0,0,1,37299,14269
2025-03-13,port23,Alexandria,10,3,2,3,0,2,95051,15988
2025-03-14,port2044,El Dekheila,6,4,2,0,0,0,111128,12679
2025-03-14,port23,Alexandria,15,3,4,8,0,0,130360,37590
2025-03-15,port2044,El Dekheila,8,5,3,0,0,0,102900,24268
2025-03-15,port23,Alexandria,13,6,2,2,1,2,99777,66904
2025-03-16,port2044,El Dekheila,4,1,1,0,0,2,76985,35673
2025-03-16,port23,Alexandria,9,4,1,3,1,0,52617,20872
2025-03-17,port2044,El Dekheila,12,5,4,2,1,0,170431,18895
2025-03-17,port23,Alexandria,17,3,4,8,1,1,160250,54641
2025-03-18,port2044,El Dekheila,5,3,2,0,0,0,77141,16606
2025-03-18,port23,Alexandria,12,3,5,4,0,0,75598,16449
2025-03-19,port2044,El Dekheila,6,2,2,2,0,0,100748,4315
2025-03-19,port23,Alexandria,10,2,2,4,1,1,57536,23727
2025-03-20,port2044,El Dekheila,0,0,0,0,0,0,0,0
2025-03-20,port23,Alexandria,1,0,0,1,0,0,2942,0
2025-03-21,port2044,El Dekheila,0,0,0,0,0,0,0,0
2025-03-21,port23,Alexandria,1,0,0,1,0,0,1854,613
2025-03-22,port2044,El Dekheila,7,5,1,1,0,0,41535,29024
2025-03-22,port23,Alexandria,7,5,1,0,1,0,47485,94799
2025-03-23,port2044,El Dekheila,6,2,1,0,0,3,0,95584
2025-03-23,port23,Alexandria,9,4,0,4,1,0,59268,35192
2025-03-24,port2044,El Dekheila,8,4,1,3,0,0,58772,26841
2025-03-24,port23,Alexandria,24,3,10,7,1,3,288381,41720
2025-03-25,port2044,El Dekheila,8,4,3,0,0,1,196386,47919
2025-03-25,port23,Alexandria,10,3,3,3,0,1,124261,34619
2025-03-26,port2044,El Dekheila,7,4,1,0,0,2,39137,13625
2025-03-26,port23,Alexandria,14,7,1,6,0,0,90941,122546
2025-03-27,port2044,El Dekheila,3,1,1,0,0,1,41074,14909
2025-03-27,port23,Alexandria,4,1,1,1,0,1,51646,9223
2025-03-28,port2044,El Dekheila,2,1,1,0,0,0,37474,10276
2025-03-28,port23,Alexandria,5,3,0,1,1,0,34886,41452
2025-03-29,port2044,El Dekheila,6,6,0,0,0,0,0,23413
2025-03-29,port23,Alexandria,13,6,2,4,1,0,109990,187633
2025-03-30,port2044,El Dekheila,5,2,3,0,0,0,109340,13319
2025-03-30,port23,Alexandria,7,2,4,0,0,1,140684,36434
2025-03-31,port2044,El Dekheila,6,2,1,1,0,2,11782,47566
2025-03-31,port23,Alexandria,15,4,8,3,0,0,264767,62272
2025-04-01,port2044,El Dekheila,4,2,0,2,0,0,3796,14856
2025-04-01,port23,Alexandria,10,2,1,6,0,1,81381,24401
2025-04-02,port2044,El Dekheila,4,2,1,0,0,1,61434,34533
2025-04-02,port23,Alexandria,12,4,3,3,0,2,96710,101578
2025-04-03,port2044,El Dekheila,3,2,1,0,0,0,40677,12421
2025-04-03,port23,Alexandria,15,3,3,6,2,1,145310,84941
2025-04-04,port2044,El Dekheila,4,1,2,0,0,1,33017,34226
2025-04-04,port23,Alexandria,11,3,3,5,0,0,197360,0
2025-04-05,port2044,El Dekheila,3,2,1,0,0,0,57562,1820
2025-04-05,port23,Alexandria,7,3,1,3,0,0,81058,10646
2025-04-06,port2044,El Dekheila,2,0,0,2,0,0,1703,1995
2025-04-06,port23,Alexandria,12,4,0,5,1,2,156098,19741
2025-04-07,port2044,El Dekheila,8,5,2,0,0,1,95634,35823
2025-04-07,port23,Alexandria,6,4,0,2,0,0,52633,11560
2025-04-08,port2044,El Dekheila,7,1,4,0,0,2,130324,75428
2025-04-08,port23,Alexandria,17,4,3,9,1,0,166176,217294
2025-04-09,port2044,El Dekheila,3,1,1,0,0,1,37474,45065
2025-04-09,port23,Alexandria,8,2,4,1,0,1,130166,13560
2025-04-10,port2044,El Dekheila,6,4,0,1,0,1,15549,14352
2025-04-10,port23,Alexandria,10,2,4,3,0,1,117024,23613
2025-04-11,port2044,El Dekheila,3,3,0,0,0,0,2192,18470
2025-04-11,port23,Alexandria,6,3,1,1,0,1,23459,25292
2025-04-12,port2044,El Dekheila,6,3,2,1,0,0,230351,5918
2025-04-12,port23,Alexandria,7,2,0,1,2,2,46652,4327
2025-04-13,port2044,El Dekheila,5,0,3,1,0,1,110131,33674
2025-04-13,port23,Alexandria,5,2,1,2,0,0,44410,15792
2025-04-14,port2044,El Dekheila,5,2,1,2,0,0,63786,12339
2025-04-14,port23,Alexandria,18,4,6,6,1,1,172168,123251
2025-04-15,port2044,El Dekheila,5,3,0,1,0,1,18809,14105
2025-04-15,port23,Alexandria,13,3,4,4,0,2,107932,41569
2025-04-16,port2044,El Dekheila,9,3,3,1,0,2,100239,74379
2025-04-16,port23,Alexandria,11,3,2,4,1,1,88083,89711
2025-04-17,port2044,El Dekheila,6,3,1,0,0,2,61226,46423
2025-04-17,port23,Alexandria,6,4,0,1,0,1,22408,22385
2025-04-18,port2044,El Dekheila,4,2,1,1,0,0,37474,38289
2025-04-18,port23,Alexandria,9,4,0,3,1,1,89882,131516
2025-04-19,port2044,El Dekheila,10,5,3,0,1,1,160768,40963
2025-04-19,port23,Alexandria,10,3,2,2,2,1,137521,54076
2025-04-20,port2044,El Dekheila,6,3,3,0,0,0,150695,16433
2025-04-20,port23,Alexandria,15,6,4,5,0,0,143391,102338
2025-04-21,port2044,El Dekheila,3,1,1,1,0,0,35815,3635
2025-04-21,port23,Alexandria,12,4,2,5,0,1,125556,51117
2025-04-22,port2044,El Dekheila,6,3,2,0,0,1,204905,37192
2025-04-22,port23,Alexandria,11,3,2,5,0,1,77007,15685
2025-04-23,port2044,El Dekheila,3,1,2,0,0,0,83066,2179
2025-04-23,port23,Alexandria,7,2,1,2,0,2,60915,58103
2025-04-24,port2044,El Dekheila,4,1,0,1,0,2,11810,32174
2025-04-24,port23,Alexandria,10,4,2,3,0,1,109001,29929
2025-04-25,port2044,El Dekheila,3,2,0,1,0,0,2192,12308
2025-04-25,port23,Alexandria,6,3,0,3,0,0,15783,32320
2025-04-26,port2044,El Dekheila,8,5,1,1,0,1,39667,37942
2025-04-26,port23,Alexandria,10,5,2,2,0,1,77301,85612
2025-04-27,port2044,El Dekheila,3,2,0,1,0,0,3895,3628
2025-04-27,port23,Alexandria,1,1,0,0,0,0,0,17386
2025-04-28,port2044,El Dekheila,7,2,5,0,0,0,164956,74003
2025-04-28,port23,Alexandria,21,2,7,10,1,1,110108,107912
2025-04-29,port2044,El Dekheila,3,1,1,0,0,1,34717,24704
2025-04-29,port23,Alexandria,5,1,2,1,1,0,105683,13209
2025-04-30,port2044,El Dekheila,4,1,2,1,0,0,38588,89871
2025-04-30,port23,Alexandria,13,5,3,4,1,0,140315,123448
2025-05-01,port2044,El Dekheila,4,2,1,1,0,0,64866,6572
2025-05-01,port23,Alexandria,10,1,1,4,0,4,21170,36875
2025-05-02,port2044,El Dekheila,4,2,2,0,0,0,83758,10078
2025-05-02,port23,Alexandria,7,4,0,3,0,0,56574,21510
2025-05-03,port2044,El Dekheila,5,3,1,0,0,1,114201,41273
2025-05-03,port23,Alexandria,13,6,3,4,0,0,74210,194123
2025-05-04,port2044,El Dekheila,4,4,0,0,0,0,4385,26596
2025-05-04,port23,Alexandria,6,2,2,2,0,0,85818,24584
2025-05-05,port2044,El Dekheila,10,3,3,1,0,3,84921,24344
2025-05-05,port23,Alexandria,27,7,5,13,0,2,220494,107070
2025-05-06,port2044,El Dekheila,6,4,1,1,0,0,27135,21937
2025-05-06,port23,Alexandria,11,4,2,2,1,2,173566,50535
2025-05-07,port2044,El Dekheila,4,1,1,0,0,2,49236,16287
2025-05-07,port23,Alexandria,9,3,1,3,0,2,42984,41785
2025-05-08,port2044,El Dekheila,5,4,1,0,0,0,173419,9687
2025-05-08,port23,Alexandria,10,3,1,2,2,2,59566,39201
2025-05-09,port2044,El Dekheila,3,3,0,0,0,0,2192,23749
2025-05-09,port23,Alexandria,11,4,3,4,0,0,121694,47997
2025-05-10,port2044,El Dekheila,5,2,2,1,0,0,27041,19531
2025-05-10,port23,Alexandria,9,4,1,4,0,0,37596,47240
2025-05-11,port2044,El Dekheila,5,3,0,2,0,0,41983,18921
2025-05-11,port23,Alexandria,6,2,0,1,0,3,1838,131312
2025-05-12,port2044,El Dekheila,10,3,2,2,0,3,48508,20384
2025-05-12,port23,Alexandria,17,4,4,9,0,0,98811,50699
2025-05-13,port2044,El Dekheila,6,2,2,1,0,1,48298,46243
2025-05-13,port23,Alexandria,8,2,0,3,2,1,50642,17935
2025-05-14,port2044,El Dekheila,6,4,1,1,0,0,47466,7208
2025-05-14,port23,Alexandria,8,4,1,2,0,1,33153,195517
2025-05-15,port2044,El Dekheila,8,2,2,3,0,1,110547,11066
2025-05-15,port23,Alexandria,8,5,0,1,0,2,19869,77129
2025-05-16,port2044,El Dekheila,5,3,1,0,0,1,0,24593
2025-05-16,port23,Alexandria,14,4,3,6,0,1,68704,118364
2025-05-17,port2044,El Dekheila,7,5,0,1,0,1,53020,20988
2025-05-17,port23,Alexandria,10,5,1,3,0,1,173657,123235
2025-05-18,port2044,El Dekheila,2,1,0,0,0,1,15848,9098
2025-05-18,port23,Alexandria,6,2,2,1,0,1,23619,88518
2025-05-19,port2044,El Dekheila,5,3,1,1,0,0,25248,9952
2025-05-19,port23,Alexandria,16,3,3,7,0,3,70536,43820
2025-05-20,port2044,El Dekheila,5,2,2,0,0,1,128250,44599
2025-05-20,port23,Alexandria,7,3,2,1,0,1,143385,19660
2025-05-21,port2044,El Dekheila,4,3,1,0,0,0,2192,65875
2025-05-21,port23,Alexandria,5,1,1,2,0,1,96790,6516
2025-05-22,port2044,El Dekheila,8,5,1,1,0,1,60325,18951
2025-05-22,port23,Alexandria,4,1,1,0,0,2,60285,6989
2025-05-23,port2044,El Dekheila,6,2,2,1,0,1,38711,28099
2025-05-23,port23,Alexandria,9,4,0,4,0,1,37449,54152
2025-05-24,port2044,El Dekheila,3,2,0,0,0,1,2192,4000
2025-05-24,port23,Alexandria,11,4,0,6,1,0,26778,35447
2025-05-25,port2044,El Dekheila,6,3,0,1,0,2,50331,32762
2025-05-25,port23,Alexandria,6,1,0,3,0,2,219240,7920
2025-05-26,port2044,El Dekheila,2,1,0,0,1,0,2192,2179
2025-05-26,port23,Alexandria,15,5,3,4,1,2,105484,81834
2025-05-27,port2044,El Dekheila,1,1,0,0,0,0,0,0
2025-05-27,port23,Alexandria,7,4,0,2,0,1,204329,21659
2025-05-28,port2044,El Dekheila,11,7,3,1,0,0,267733,21492
2025-05-28,port23,Alexandria,11,4,2,5,0,0,71019,28596
2025-05-29,port2044,El Dekheila,4,1,1,0,0,2,71222,36181
2025-05-29,port23,Alexandria,6,2,1,0,0,3,59959,69124
2025-05-30,port2044,El Dekheila,5,3,1,0,0,1,49933,19682
2025-05-30,port23,Alexandria,12,5,1,4,1,1,103254,41871
2025-05-31,port2044,El Dekheila,4,2,0,1,0,1,7608,16238
2025-05-31,port23,Alexandria,10,3,2,4,0,1,29829,31209
2025-06-01,port2044,El Dekheila,5,2,1,1,0,1,0,65382
2025-06-01,port23,Alexandria,10,7,1,2,0,0,126664,53116
2025-06-02,port2044,El Dekheila,12,3,4,2,0,3,148293,122615
2025-06-02,port23,Alexandria,25,5,3,12,1,4,166417,61399
2025-06-03,port2044,El Dekheila,6,4,0,0,0,2,2145,56920
2025-06-03,port23,Alexandria,8,4,1,3,0,0,27474,82755
2025-06-04,port2044,El Dekheila,6,2,1,2,0,1,93051,18173
2025-06-04,port23,Alexandria,12,6,1,2,1,2,63859,19224
2025-06-05,port2044,El Dekheila,1,1,0,0,0,0,0,7096
2025-06-05,port23,Alexandria,2,2,0,0,0,0,0,21144
2025-06-06,port2044,El Dekheila,2,1,0,0,0,1,0,31908
2025-06-06,port23,Alexandria,8,5,0,1,1,1,71468,112207
2025-06-07,port2044,El Dekheila,9,4,1,1,0,3,56785,27359
2025-06-07,port23,Alexandria,11,5,1,4,1,0,152675,30382
2025-06-08,port2044,El Dekheila,5,4,0,1,0,0,6637,5603
2025-06-08,port23,Alexandria,10,5,1,4,0,0,92737,27760
2025-06-09,port2044,El Dekheila,7,3,3,0,0,1,56449,28817
2025-06-09,port23,Alexandria,12,3,2,3,1,3,106570,31905
2025-06-10,port2044,El Dekheila,8,3,0,4,0,1,16206,25547
2025-06-10,port23,Alexandria,14,3,4,4,1,2,163308,67053
2025-06-11,port2044,El Dekheila,4,0,1,2,0,1,51765,28704
2025-06-11,port23,Alexandria,11,3,6,2,0,0,99109,86965
2025-06-12,port2044,El Dekheila,3,2,1,0,0,0,7854,14792
2025-06-12,port23,Alexandria,13,4,1,5,0,3,247632,216172
2025-06-13,port2044,El Dekheila,7,4,2,0,0,1,77549,4722
2025-06-13,port23,Alexandria,10,3,1,5,0,1,82199,18974
2025-06-14,port2044,El Dekheila,5,3,2,0,0,0,54215,2007
2025-06-14,port23,Alexandria,11,3,2,5,0,1,48820,107540
2025-06-15,port2044,El Dekheila,2,2,0,0,0,0,739,2729
2025-06-15,port23,Alexandria,11,4,3,4,0,0,145347,26928
2025-06-16,port2044,El Dekheila,1,1,0,0,0,0,6685,0
2025-06-16,port23,Alexandria,11,4,2,3,0,2,154089,39357
2025-06-17,port2044,El Dekheila,7,3,2,0,0,2,80684,13558
2025-06-17,port23,Alexandria,16,1,4,8,0,3,136597,18050
2025-06-18,port2044,El Dekheila,8,5,1,0,0,2,44697,49939
2025-06-18,port23,Alexandria,19,4,5,6,1,3,196853,35500
2025-06-19,port2044,El Dekheila,8,4,3,0,0,1,68940,23854
2025-06-19,port23,Alexandria,16,5,6,4,1,0,224229,86087
2025-06-20,port2044,El Dekheila,5,2,2,0,0,1,87017,3029
2025-06-20,port23,Alexandria,9,3,1,5,0,0,50746,26673
2025-06-21,port2044,El Dekheila,5,3,0,0,0,2,12536,35602
2025-06-21,port23,Alexandria,14,6,3,4,1,0,172124,58089
2025-06-22,port2044,El Dekheila,3,2,1,0,0,0,2974,5376
2025-06-22,port23,Alexandria,7,2,2,2,0,1,16556,112544
2025-06-23,port2044,El Dekheila,2,1,0,1,0,0,1096,0
2025-06-23,port23,Alexandria,11,3,1,3,1,3,135377,7118
2025-06-24,port2044,El Dekheila,7,2,2,0,0,3,64867,34994
2025-06-24,port23,Alexandria,20,4,1,13,0,2,75305,65747
2025-06-25,port2044,El Dekheila,5,2,2,0,0,1,33185,65977
2025-06-25,port23,Alexandria,6,2,0,2,0,2,2360,88702
2025-06-26,port2044,El Dekheila,7,3,1,2,0,1,72461,9098
2025-06-26,port23,Alexandria,12,4,4,4,0,0,96152,22763
2025-06-27,port2044,El Dekheila,4,2,2,0,0,0,70226,5721
2025-06-27,port23,Alexandria,18,4,3,6,1,4,79427,54128
2025-06-28,port2044,El Dekheila,6,3,0,1,0,2,10776,38587
2025-06-28,port23,Alexandria,13,6,2,4,0,1,74192,87366
2025-06-29,port2044,El Dekheila,4,1,3,0,0,0,51760,77023
2025-06-29,port23,Alexandria,8,3,3,1,0,1,63912,27541
2025-06-30,port2044,El Dekheila,5,3,1,1,0,0,199106,6671
2025-06-30,port23,Alexandria,14,4,0,8,0,2,28923,83507
2025-07-01,port2044,El Dekheila,3,2,1,0,0,0,1413,2940
2025-07-01,port23,Alexandria,11,2,4,4,0,1,154701,23292
2025-07-02,port2044,El Dekheila,3,2,0,0,0,1,11761,9324
2025-07-02,port23,Alexandria,9,5,2,1,1,0,51085,65653
2025-07-03,port2044,El Dekheila,2,0,1,1,0,0,39177,5900
2025-07-03,port23,Alexandria,6,0,1,4,0,1,10509,8796
2025-07-04,port2044,El Dekheila,4,1,2,0,0,1,214445,4840
2025-07-04,port23,Alexandria,12,6,0,5,0,1,69837,49569
2025-07-05,port2044,El Dekheila,10,6,3,1,0,0,67228,33396
2025-07-05,port23,Alexandria,14,5,5,2,1,1,167468,41105
2025-07-06,port2044,El Dekheila,8,4,2,0,0,2,68940,53120
2025-07-06,port23,Alexandria,10,2,3,5,0,0,42795,117808
2025-07-07,port2044,El Dekheila,6,3,1,1,0,1,39347,31414
2025-07-07,port23,Alexandria,13,4,1,4,1,3,78414,52217
2025-07-08,port2044,El Dekheila,4,1,2,0,0,1,80854,20385
2025-07-08,port23,Alexandria,8,3,1,3,1,0,53121,110289
2025-07-09,port2044,El Dekheila,7,1,3,2,0,1,120525,23934
2025-07-09,port23,Alexandria,12,6,0,2,1,3,233987,18762
2025-07-10,port2044,El Dekheila,5,2,1,1,0,1,45300,8205
2025-07-10,port23,Alexandria,12,6,1,4,0,1,87569,21045
2025-07-11,port2044,El Dekheila,6,5,0,0,0,1,4686,30650
2025-07-11,port23,Alexandria,9,4,1,3,0,1,42393,34294
2025-07-12,port2044,El Dekheila,7,3,0,2,0,2,33713,46579
2025-07-12,port23,Alexandria,11,5,0,5,0,1,61148,60132
2025-07-13,port2044,El Dekheila,6,1,5,0,0,0,168674,0
2025-07-13,port23,Alexandria,11,5,0,3,2,1,52382,19110
2025-07-14,port2044,El Dekheila,4,2,0,0,0,2,0,85465
2025-07-14,port23,Alexandria,17,5,2,8,0,2,251857,45119
2025-07-15,port2044,El Dekheila,3,1,0,1,0,1,1267,4226
2025-07-15,port23,Alexandria,12,4,1,2,1,4,94804,34875
2025-07-16,port2044,El Dekheila,7,3,0,3,0,1,23238,8205
2025-07-16,port23,Alexandria,11,5,4,2,0,0,130092,42055
2025-07-17,port2044,El Dekheila,5,2,2,1,0,0,112503,5796
2025-07-17,port23,Alexandria,16,3,1,7,0,5,90257,61549
2025-07-18,port2044,El Dekheila,7,3,2,1,0,1,44191,19389
2025-07-18,port23,Alexandria,8,6,1,1,0,0,64870,41509
2025-07-19,port2044,El Dekheila,6,2,1,1,0,2,66442,17473
2025-07-19,port23,Alexandria,8,5,0,3,0,0,64963,37013
2025-07-20,port2044,El Dekheila,2,1,1,0,0,0,1518,48742
2025-07-20,port23,Alexandria,15,6,2,5,0,2,149647,41217
2025-07-21,port2044,El Dekheila,7,2,1,1,0,3,75119,44893
2025-07-21,port23,Alexandria,10,1,2,6,0,1,46388,8328
2025-07-22,port2044,El Dekheila,6,3,2,0,0,1,75395,1370
2025-07-22,port23,Alexandria,12,7,2,1,1,1,102039,128592
2025-07-23,port2044,El Dekheila,1,0,0,1,0,0,1703,1060
2025-07-23,port23,Alexandria,11,4,2,3,0,2,106018,20882
2025-07-24,port2044,El Dekheila,5,2,2,1,0,0,91728,7667
2025-07-24,port23,Alexandria,7,4,0,1,0,2,10509,107610
2025-07-25,port2044,El Dekheila,6,3,1,1,0,1,44419,40651
2025-07-25,port23,Alexandria,11,2,1,6,0,2,59652,14780
2025-07-26,port2044,El Dekheila,7,3,3,0,0,1,140135,20609
2025-07-26,port23,Alexandria,11,5,0,4,2,0,110467,28178
2025-07-27,port2044,El Dekheila,6,2,2,1,0,1,82425,37128
2025-07-27,port23,Alexandria,12,4,1,6,0,1,36282,109879
2025-07-28,port2044,El Dekheila,6,3,2,1,0,0,49987,10913
2025-07-28,port23,Alexandria,16,5,4,4,1,2,104896,72101
2025-07-29,port2044,El Dekheila,3,1,1,0,0,1,52082,9098
2025-07-29,port23,Alexandria,16,4,5,6,0,1,108469,31861
2025-07-30,port2044,El Dekheila,5,3,0,0,0,2,11761,27660
2025-07-30,port23,Alexandria,14,6,1,7,0,0,97539,150497
2025-07-31,port2044,El Dekheila,11,3,4,2,0,2,74019,73565
2025-07-31,port23,Alexandria,9,2,3,3,1,0,138001,7272
2025-08-01,port2044,El Dekheila,3,2,0,0,0,1,32858,2883
2025-08-01,port23,Alexandria,12,4,2,5,0,1,95455,40170
2025-08-02,port2044,El Dekheila,7,3,2,1,0,1,131830,15232
2025-08-02,port23,Alexandria,8,4,1,2,0,1,47208,42829
2025-08-03,port2044,El Dekheila,2,1,0,1,0,0,1703,1429
2025-08-03,port23,Alexandria,5,4,0,0,0,1,21665,65021
2025-08-04,port2044,El Dekheila,9,4,3,2,0,0,109754,14585
2025-08-04,port23,Alexandria,18,7,3,7,0,1,216740,54432
2025-08-05,port2044,El Dekheila,5,3,0,0,1,1,34180,2179
2025-08-05,port23,Alexandria,15,5,4,4,0,2,248290,155320
2025-08-06,port2044,El Dekheila,4,1,0,1,0,2,27151,40492
2025-08-06,port23,Alexandria,7,1,3,1,2,0,109316,22408
2025-08-07,port2044,El Dekheila,4,0,2,0,0,2,31861,14956
2025-08-07,port23,Alexandria,10,4,1,4,0,1,42092,36032
2025-08-08,port2044,El Dekheila,2,1,1,0,0,0,0,11140
2025-08-08,port23,Alexandria,15,5,4,4,2,0,130001,27515
2025-08-09,port2044,El Dekheila,7,6,0,0,0,1,13031,9030
2025-08-09,port23,Alexandria,13,8,3,2,0,0,82142,139760
2025-08-10,port2044,El Dekheila,6,3,2,1,0,0,74353,9200
2025-08-10,port23,Alexandria,11,6,1,4,0,0,101782,9810
2025-08-11,port2044,El Dekheila,2,0,1,0,0,1,37474,4840
2025-08-11,port23,Alexandria,14,2,2,7,1,2,71579,39955
2025-08-12,port2044,El Dekheila,5,0,4,0,0,1,174524,28852
2025-08-12,port23,Alexandria,10,1,6,2,0,1,156331,6547
2025-08-13,port2044,El Dekheila,7,4,1,1,1,0,49394,10260
2025-08-13,port23,Alexandria,11,3,3,2,1,2,138031,39619
2025-08-14,port2044,El Dekheila,4,1,2,0,0,1,65968,37591
2025-08-14,port23,Alexandria,10,3,1,4,0,2,84398,72621
2025-08-15,port2044,El Dekheila,2,2,0,0,0,0,1167,0
2025-08-15,port23,Alexandria,10,4,3,2,0,1,108414,123890
2025-08-16,port2044,El Dekheila,6,2,2,1,0,1,70633,11247
2025-08-16,port23,Alexandria,7,3,0,3,0,1,58378,28667
2025-08-17,port2044,El Dekheila,6,2,1,2,0,1,32715,48977
2025-08-17,port23,Alexandria,6,4,1,0,0,1,86460,18386
2025-08-18,port2044,El Dekheila,5,2,2,0,0,1,81405,0
2025-08-18,port23,Alexandria,17,4,5,7,1,0,130280,62028
2025-08-19,port2044,El Dekheila,6,2,3,1,0,0,124261,8456
2025-08-19,port23,Alexandria,14,3,4,3,2,2,104319,85881
2025-08-20,port2044,El Dekheila,4,2,0,0,0,2,9049,14109
2025-08-20,port23,Alexandria,10,3,3,2,0,2,244875,42711
2025-08-21,port2044,El Dekheila,4,1,3,0,0,0,251029,4275
2025-08-21,port23,Alexandria,14,4,5,4,1,0,143721,41939
2025-08-22,port2044,El Dekheila,7,1,0,3,0,3,56931,42182
2025-08-22,port23,Alexandria,14,6,3,4,0,1,122851,45649
2025-08-23,port2044,El Dekheila,7,5,1,1,0,0,8763,35791
2025-08-23,port23,Alexandria,15,8,0,4,1,2,86899,66494
2025-08-24,port2044,El Dekheila,7,5,2,0,0,0,111558,9449
2025-08-24,port23,Alexandria,11,4,1,6,0,0,50797,28856
2025-08-25,port2044,El Dekheila,1,0,0,0,0,1,9568,7144
2025-08-25,port23,Alexandria,9,1,3,4,0,1,64873,25923
2025-08-26,port2044,El Dekheila,0,0,0,0,0,0,0,0
2025-08-26,port23,Alexandria,3,0,1,1,1,0,26269,4043
2025-08-27,port2044,El Dekheila,1,0,1,0,0,0,33643,0
2025-08-27,port23,Alexandria,4,0,2,2,0,0,3709,3635
2025-08-28,port2044,El Dekheila,11,3,3,3,0,2,142932,34378
2025-08-28,port23,Alexandria,23,7,3,11,1,1,158258,54433
2025-08-29,port2044,El Dekheila,9,4,2,2,1,0,98718,22389
2025-08-29,port23,Alexandria,12,6,2,3,0,1,241440,30933
2025-08-30,port2044,El Dekheila,10,3,4,1,0,2,44041,36516
2025-08-30,port23,Alexandria,15,4,2,7,1,1,89867,38553
2025-08-31,port2044,El Dekheila,7,3,1,1,0,2,176158,33754
2025-08-31,port23,Alexandria,13,5,1,2,2,3,126868,89224
2025-09-01,port2044,El Dekheila,1,0,0,1,0,0,6437,0
2025-09-01,port23,Alexandria,14,2,4,5,0,3,160949,46678
2025-09-02,port2044,El Dekheila,5,2,1,1,0,1,45500,7740
2025-09-02,port23,Alexandria,12,6,3,3,0,0,184247,45958
2025-09-03,port2044,El Dekheila,8,2,2,2,0,2,101089,13173
2025-09-03,port23,Alexandria,10,4,4,1,1,0,106333,50308
2025-09-04,port2044,El Dekheila,6,4,0,1,0,1,21977,32371
2025-09-04,port23,Alexandria,12,3,2,4,1,2,112532,25347
2025-09-05,port2044,El Dekheila,6,1,5,0,0,0,144174,37276
2025-09-05,port23,Alexandria,15,6,4,3,1,1,133869,95238
2025-09-06,port2044,El Dekheila,4,3,0,1,0,0,5463,13114
2025-09-06,port23,Alexandria,8,5,1,1,0,1,110603,22423
2025-09-07,port2044,El Dekheila,3,2,1,0,0,0,45078,2179
2025-09-07,port23,Alexandria,10,4,2,3,0,1,54255,66710
2025-09-08,port2044,El Dekheila,12,2,7,0,0,3,280245,36459
2025-09-08,port23,Alexandria,16,5,5,3,2,1,135282,138773
2025-09-09,port2044,El Dekheila,6,5,1,0,0,0,46836,11986
2025-09-09,port23,Alexandria,8,2,2,2,1,1,65182,29213
2025-09-10,port2044,El Dekheila,1,1,0,0,0,0,4263,0
2025-09-10,port23,Alexandria,10,5,4,1,0,0,192087,16720
2025-09-11,port2044,El Dekheila,9,3,1,0,0,5,213793,67280
2025-09-11,port23,Alexandria,10,7,1,2,0,0,277365,35361
2025-09-12,port2044,El Dekheila,7,2,4,1,0,0,121828,2179
2025-09-12,port23,Alexandria,16,4,6,2,1,3,180231,46387
2025-09-13,port2044,El Dekheila,6,4,2,0,0,0,127375,4908
2025-09-13,port23,Alexandria,12,5,3,3,1,0,120960,29509
2025-09-14,port2044,El Dekheila,5,2,1,0,1,1,40795,28674
2025-09-14,port23,Alexandria,9,3,2,3,1,0,14203,18944
2025-09-15,port2044,El Dekheila,5,2,1,0,0,2,22785,389
2025-09-15,port23,Alexandria,11,6,2,2,0,1,96784,25058
2025-09-16,port2044,El Dekheila,5,1,4,0,0,0,185350,15646
2025-09-16,port23,Alexandria,8,3,1,1,1,2,60828,21489
2025-09-17,port2044,El Dekheila,7,4,0,1,0,2,17014,8433
2025-09-17,port23,Alexandria,8,5,2,1,0,0,90365,62234
2025-09-18,port2044,El Dekheila,5,2,3,0,0,0,121721,28676
2025-09-18,port23,Alexandria,11,3,2,5,0,1,72322,32596
2025-09-19,port2044,El Dekheila,0,0,0,0,0,0,0,0
2025-09-19,port23,Alexandria,0,0,0,0,0,0,0,0
2025-09-20,port2044,El Dekheila,6,4,1,0,0,1,56634,13059
2025-09-20,port23,Alexandria,16,6,3,4,2,1,187554,64313
2025-09-21,port2044,El Dekheila,3,0,2,0,0,1,106202,4840
2025-09-21,port23,Alexandria,9,5,3,1,0,0,55418,81443
2025-09-22,port2044,El Dekheila,8,2,5,1,0,0,171030,20452
2025-09-22,port23,Alexandria,20,4,8,4,1,3,225707,131315
2025-09-23,port2044,El Dekheila,1,0,1,0,0,0,2889,0
2025-09-23,port23,Alexandria,13,5,2,4,1,1,12756,73766
2025-09-24,port2044,El Dekheila,6,4,1,1,0,0,33135,11247
2025-09-24,port23,Alexandria,10,6,1,1,0,2,116989,35015
2025-09-25,port2044,El Dekheila,6,1,4,0,0,1,155860,62432
2025-09-25,port23,Alexandria,14,2,4,6,1,1,135684,90303
2025-09-26,port2044,El Dekheila,6,3,2,1,0,0,32106,7756
2025-09-26,port23,Alexandria,14,4,1,4,3,2,94857,11293
2025-09-27,port2044,El Dekheila,7,2,3,2,0,0,66160,40240
2025-09-27,port23,Alexandria,14,7,4,3,0,0,94009,217914
2025-09-28,port2044,El Dekheila,3,1,1,1,0,0,41076,6493
2025-09-28,port23,Alexandria,9,4,2,2,0,1,147329,19549
2025-09-29,port2044,El Dekheila,5,2,2,0,0,1,44953,19415
2025-09-29,port23,Alexandria,17,3,5,9,0,0,149267,40051
2025-09-30,port2044,El Dekheila,7,2,3,2,0,0,43897,2179
2025-09-30,port23,Alexandria,4,3,1,0,0,0,5427,34658
2025-10-01,port2044,El Dekheila,4,2,2,0,0,0,44919,13009
2025-10-01,port23,Alexandria,9,3,0,3,2,1,31388,31522
2025-10-02,port2044,El Dekheila,6,3,3,0,0,0,64567,58335
2025-10-02,port23,Alexandria,9,5,1,2,1,0,262116,11454
2025-10-03,port2044,El Dekheila,8,1,3,0,0,4,144639,31255
2025-10-03,port23,Alexandria,14,3,3,4,2,2,80399,96571
2025-10-04,port2044,El Dekheila,5,2,3,0,0,0,103185,7626
2025-10-04,port23,Alexandria,11,4,0,5,1,1,37968,25453
2025-10-05,port2044,El Dekheila,3,2,0,0,0,1,4385,36940
2025-10-05,port23,Alexandria,5,1,1,3,0,0,35460,12067
2025-10-06,port2044,El Dekheila,6,1,4,0,0,1,98731,27426
2025-10-06,port23,Alexandria,24,5,7,9,0,3,227991,245273
2025-10-07,port2044,El Dekheila,4,3,1,0,0,0,49495,5908
2025-10-07,port23,Alexandria,12,3,3,4,0,2,75486,14531
2025-10-08,port2044,El Dekheila,5,2,1,0,0,2,91263,2842
2025-10-08,port23,Alexandria,7,4,2,1,0,0,93557,30884
2025-10-09,port2044,El Dekheila,1,0,1,0,0,0,27079,0
2025-10-09,port23,Alexandria,0,0,0,0,0,0,0,0
2025-10-10,port2044,El Dekheila,8,4,2,1,0,1,74949,61882
2025-10-10,port23,Alexandria,19,5,3,8,2,1,114562,100111
2025-10-11,port2044,El Dekheila,6,3,2,1,0,0,74365,8688
2025-10-11,port23,Alexandria,11,3,4,4,0,0,79184,30914
2025-10-12,port2044,El Dekheila,5,2,2,1,0,0,96102,7020
2025-10-12,port23,Alexandria,4,3,0,0,0,1,14835,36323
2025-10-13,port2044,El Dekheila,8,0,5,2,0,1,178818,41710
2025-10-13,port23,Alexandria,28,8,8,9,0,3,338832,50780
2025-10-14,port2044,El Dekheila,7,3,4,0,0,0,271045,16396
2025-10-14,port23,Alexandria,13,7,2,1,0,3,178127,76328
2025-10-15,port2044,El Dekheila,5,3,2,0,0,0,34009,66388
2025-10-15,port23,Alexandria,10,1,4,2,1,2,132090,10841
2025-10-16,port2044,El Dekheila,6,3,3,0,0,0,68195,10510
2025-10-16,port23,Alexandria,11,5,2,1,1,2,118166,41350
2025-10-17,port2044,El Dekheila,4,2,1,0,0,1,37474,6610
2025-10-17,port23,Alexandria,11,6,1,2,0,2,80797,35355
2025-10-18,port2044,El Dekheila,6,2,1,0,0,3,106822,15828
2025-10-18,port23,Alexandria,14,3,2,6,1,2,88429,42659
2025-10-19,port2044,El Dekheila,5,1,4,0,0,0,75068,56400
2025-10-19,port23,Alexandria,9,4,1,2,1,1,66089,19688
2025-10-20,port2044,El Dekheila,6,1,3,0,0,2,114762,38515
2025-10-20,port23,Alexandria,16,6,1,4,3,2,64906,138779
2025-10-21,port2044,El Dekheila,8,5,1,0,0,2,65106,45423
2025-10-21,port23,Alexandria,14,3,4,6,1,0,242117,70523
2025-10-22,port2044,El Dekheila,8,4,3,1,0,0,78808,22964
2025-10-22,port23,Alexandria,11,4,3,2,0,2,95337,25035
2025-10-23,port2044,El Dekheila,5,3,2,0,0,0,76803,12480
2025-10-23,port23,Alexandria,4,3,0,1,0,0,14878,8139
2025-10-24,port2044,El Dekheila,6,2,2,0,0,2,81851,39029
2025-10-24,port23,Alexandria,12,9,0,1,1,1,54397,75206
2025-10-25,port2044,El Dekheila,6,2,2,1,0,1,82521,16835
2025-10-25,port23,Alexandria,5,1,2,2,0,0,69804,613
2025-10-26,port2044,El Dekheila,1,0,0,0,0,1,0,29172
2025-10-26,port23,Alexandria,6,4,2,0,0,0,73894,11808
2025-10-27,port2044,El Dekheila,10,2,5,0,0,3,262367,18584
2025-10-27,port23,Alexandria,21,6,2,7,0,6,175372,61792
2025-10-28,port2044,El Dekheila,7,4,3,0,0,0,265974,7855
2025-10-28,port23,Alexandria,10,4,3,1,1,1,66838,118174
2025-10-29,port2044,El Dekheila,7,4,3,0,0,0,39040,42500
2025-10-29,port23,Alexandria,12,3,1,6,0,2,55709,10734
2025-10-30,port2044,El Dekheila,5,1,3,0,0,1,144513,7020
2025-10-30,port23,Alexandria,13,4,1,6,1,1,24489,50708
2025-10-31,port2044,El Dekheila,4,2,1,0,0,1,10432,13966
2025-10-31,port23,Alexandria,12,5,3,0,1,3,165259,42931
2025-11-01,port2044,El Dekheila,6,1,2,0,0,3,5733,64511
2025-11-01,port23,Alexandria,9,4,1,4,0,0,38434,228703
2025-11-02,port2044,El Dekheila,4,1,3,0,0,0,118679,26967
2025-11-02,port23,Alexandria,6,4,1,1,0,0,17345,42621
2025-11-03,port2044,El Dekheila,5,2,0,2,0,1,10163,16142
2025-11-03,port23,Alexandria,12,7,2,2,1,0,143956,54099
2025-11-04,port2044,El Dekheila,9,5,2,1,0,1,118888,7195
2025-11-04,port23,Alexandria,8,2,2,3,0,1,53652,15612
2025-11-05,port2044,El Dekheila,7,5,2,0,0,0,142428,6099
2025-11-05,port23,Alexandria,16,2,4,7,1,2,119558,41370
2025-11-06,port2044,El Dekheila,7,4,0,1,0,2,38957,12698
2025-11-06,port23,Alexandria,11,3,2,4,0,2,47488,83135
2025-11-07,port2044,El Dekheila,0,0,0,0,0,0,0,0
2025-11-07,port23,Alexandria,12,5,1,3,0,3,82350,24289
2025-11-08,port2044,El Dekheila,5,3,2,0,0,0,71897,2179
2025-11-08,port23,Alexandria,13,5,2,3,3,0,58816,146894
2025-11-09,port2044,El Dekheila,4,3,1,0,0,0,55228,7095
2025-11-09,port23,Alexandria,7,2,3,1,0,1,69199,44657
2025-11-10,port2044,El Dekheila,11,1,6,2,0,2,233095,67784
2025-11-10,port23,Alexandria,11,5,1,3,0,2,54155,102035
2025-11-11,port2044,El Dekheila,7,3,2,1,0,1,58045,36654
2025-11-11,port23,Alexandria,7,3,2,0,1,1,111208,21872
2025-11-12,port2044,El Dekheila,6,3,0,1,0,2,9439,14700
2025-11-12,port23,Alexandria,16,6,6,1,1,2,205207,97471
2025-11-13,port2044,El Dekheila,5,1,2,1,0,1,72650,7339
2025-11-13,port23,Alexandria,8,5,1,2,0,0,170185,16896
2025-11-14,port2044,El Dekheila,1,1,0,0,0,0,2295,0
2025-11-14,port23,Alexandria,6,4,2,0,0,0,107716,30993
2025-11-15,port2044,El Dekheila,2,2,0,0,0,0,2192,4423
2025-11-15,port23,Alexandria,2,1,0,0,1,0,1403,1813
2025-11-16,port2044,El Dekheila,8,2,2,2,0,2,48968,19365
2025-11-16,port23,Alexandria,13,4,4,5,0,0,135319,33585
2025-11-17,port2044,El Dekheila,4,2,1,1,0,0,36006,20064
2025-11-17,port23,Alexandria,21,8,5,3,0,5,403624,42843
2025-11-18,port2044,El Dekheila,4,2,1,0,0,1,9740,61533
2025-11-18,port23,Alexandria,10,4,2,3,1,0,60848,12665
2025-11-19,port2044,El Dekheila,9,4,3,1,0,1,167762,13657
2025-11-19,port23,Alexandria,12,5,4,2,0,1,81331,36518
2025-11-20,port2044,El Dekheila,6,4,1,0,0,1,13127,12238
2025-11-20,port23,Alexandria,12,5,1,3,1,2,100448,24483
2025-11-21,port2044,El Dekheila,3,1,0,1,0,1,4334,3240
2025-11-21,port23,Alexandria,15,4,5,3,1,2,151812,69936
2025-11-22,port2044,El Dekheila,5,3,1,0,0,1,194494,7953
2025-11-22,port23,Alexandria,12,4,2,4,0,2,105741,64077
2025-11-23,port2044,El Dekheila,3,0,3,0,0,0,84705,46146
2025-11-23,port23,Alexandria,8,4,2,1,0,1,85669,34611
2025-11-24,port2044,El Dekheila,3,1,0,0,0,2,8289,37505
2025-11-24,port23,Alexandria,16,4,3,4,0,5,140042,44740
2025-11-25,port2044,El Dekheila,5,3,2,0,0,0,48710,2930
2025-11-25,port23,Alexandria,12,3,4,3,1,1,98062,74600
2025-11-26,port2044,El Dekheila,9,1,2,2,0,4,55591,24324
2025-11-26,port23,Alexandria,12,3,2,4,2,1,69262,19331
2025-11-27,port2044,El Dekheila,6,3,1,2,0,0,44634,15594
2025-11-27,port23,Alexandria,7,4,0,3,0,0,129791,17693
2025-11-28,port2044,El Dekheila,6,1,3,0,0,2,204859,25118
2025-11-28,port23,Alexandria,10,4,2,2,1,1,124580,31463
2025-11-29,port2044,El Dekheila,3,2,1,0,0,0,24571,0
2025-11-29,port23,Alexandria,6,5,0,1,0,0,10527,73988
2025-11-30,port2044,El Dekheila,1,1,0,0,0,0,0,2221
2025-11-30,port23,Alexandria,0,0,0,0,0,0,0,0
2025-12-01,port2044,El Dekheila,10,3,4,1,0,2,166638,104355
2025-12-01,port23,Alexandria,23,5,4,9,1,4,178773,61411
2025-12-02,port2044,El Dekheila,7,3,1,2,0,1,50043,24787
2025-12-02,port23,Alexandria,8,3,2,3,0,0,91969,17737
2025-12-03,port2044,El Dekheila,6,3,3,0,0,0,157940,11860
2025-12-03,port23,Alexandria,9,5,1,2,0,1,21349,89984
2025-12-04,port2044,El Dekheila,7,3,3,0,0,1,129330,12220
2025-12-04,port23,Alexandria,7,4,0,0,1,2,100726,22611
2025-12-05,port2044,El Dekheila,1,0,0,0,0,1,0,28704
2025-12-05,port23,Alexandria,10,4,2,3,1,0,105500,9226
2025-12-06,port2044,El Dekheila,7,3,2,2,0,0,77765,17146
2025-12-06,port23,Alexandria,9,5,2,1,0,1,148055,35815
2025-12-07,port2044,El Dekheila,0,0,0,0,0,0,0,0
2025-12-07,port23,Alexandria,0,0,0,0,0,0,0,0
2025-12-08,port2044,El Dekheila,2,0,1,1,0,0,34312,2051
2025-12-08,port23,Alexandria,13,2,2,5,0,4,250253,28662
2025-12-09,port2044,El Dekheila,5,2,1,1,0,1,56652,23014
2025-12-09,port23,Alexandria,22,5,4,6,1,6,196588,30260
2025-12-10,port2044,El Dekheila,3,0,2,0,0,1,72633,58376
2025-12-10,port23,Alexandria,6,2,2,1,1,0,43556,22814
2025-12-11,port2044,El Dekheila,3,1,1,1,0,0,47629,2966
2025-12-11,port23,Alexandria,14,5,7,2,0,0,200220,177948
2025-12-12,port2044,El Dekheila,7,4,1,1,0,1,176648,12334
2025-12-12,port23,Alexandria,9,5,2,2,0,0,116521,42696
2025-12-13,port2044,El Dekheila,6,4,0,1,0,1,6118,8741
2025-12-13,port23,Alexandria,13,8,1,2,0,2,91070,95624
2025-12-14,port2044,El Dekheila,8,4,3,1,0,0,129474,58873
2025-12-14,port23,Alexandria,9,4,1,4,0,0,78865,18723
2025-12-15,port2044,El Dekheila,2,1,1,0,0,0,54885,0
2025-12-15,port23,Alexandria,9,5,1,2,0,1,19598,61053
2025-12-16,port2044,El Dekheila,8,3,2,1,0,2,80170,60979
2025-12-16,port23,Alexandria,9,2,4,1,0,2,147327,13216
2025-12-17,port2044,El Dekheila,6,3,1,2,0,0,73095,3761
2025-12-17,port23,Alexandria,12,7,3,0,0,2,207920,148302
2025-12-18,port2044,El Dekheila,4,3,0,1,0,0,18471,3240
2025-12-18,port23,Alexandria,8,3,2,2,0,1,66629,16599
2025-12-19,port2044,El Dekheila,6,2,2,1,0,1,54179,6289
2025-12-19,port23,Alexandria,15,3,3,5,1,3,49313,44764
2025-12-20,port2044,El Dekheila,7,4,2,0,0,1,124356,14040
2025-12-20,port23,Alexandria,13,5,2,5,0,1,162072,53113
2025-12-21,port2044,El Dekheila,7,2,5,0,0,0,168197,17990
2025-12-21,port23,Alexandria,5,2,1,1,0,1,46218,35224
2025-12-22,port2044,El Dekheila,8,4,3,1,0,0,114243,1583
2025-12-22,port23,Alexandria,22,7,5,6,1,3,178039,36639
2025-12-23,port2044,El Dekheila,3,2,0,0,0,1,691,3585
2025-12-23,port23,Alexandria,12,5,3,3,1,0,74646,45986
2025-12-24,port2044,El Dekheila,8,2,2,3,0,1,112949,12180
2025-12-24,port23,Alexandria,10,4,0,4,0,2,11474,31198
2025-12-25,port2044,El Dekheila,7,3,3,1,0,0,142133,11669
2025-12-25,port23,Alexandria,16,6,3,3,0,4,115586,96682
2025-12-26,port2044,El Dekheila,2,0,1,1,0,0,28980,1060
2025-12-26,port23,Alexandria,9,4,2,1,1,1,82200,29749
2025-12-27,port2044,El Dekheila,4,2,2,0,0,0,73481,20656
2025-12-27,port23,Alexandria,10,2,3,4,0,1,98872,28745
2025-12-28,port2044,El Dekheila,0,0,0,0,0,0,0,0
2025-12-28,port23,Alexandria,0,0,0,0,0,0,0,0
2025-12-29,port2044,El Dekheila,3,2,0,1,0,0,2192,6115
2025-12-29,port23,Alexandria,10,2,4,3,0,1,81272,188600
2025-12-30,port2044,El Dekheila,8,3,3,0,0,2,102124,65870
2025-12-30,port23,Alexandria,16,5,2,5,0,4,191758,99758
2025-12-31,port2044,El Dekheila,8,2,4,2,0,0,157237,11564
2025-12-31,port23,Alexandria,12,4,3,4,0,1,132290,17496
2026-01-01,port2044,El Dekheila,9,4,1,1,0,3,42712,16946
2026-01-01,port23,Alexandria,10,3,1,5,1,0,77704,12745
2026-01-02,port2044,El Dekheila,3,1,0,2,0,0,1896,19567
2026-01-02,port23,Alexandria,6,4,2,0,0,0,92981,15551
2026-01-03,port2044,El Dekheila,5,1,2,2,0,0,50271,54612
2026-01-03,port23,Alexandria,15,6,1,4,3,1,101971,52806
2026-01-04,port2044,El Dekheila,4,2,1,0,0,1,39667,42345
2026-01-04,port23,Alexandria,9,1,2,3,1,2,68979,24905
2026-01-05,port2044,El Dekheila,9,3,3,1,0,2,198445,4840
2026-01-05,port23,Alexandria,17,6,4,6,0,1,200859,65413
2026-01-06,port2044,El Dekheila,2,1,1,0,0,0,0,591
2026-01-06,port23,Alexandria,11,4,1,4,0,2,146670,12398
2026-01-07,port2044,El Dekheila,7,5,0,0,0,2,8565,39941
2026-01-07,port23,Alexandria,10,6,1,3,0,0,272024,72416
2026-01-08,port2044,El Dekheila,6,0,3,3,0,0,97570,33875
2026-01-08,port23,Alexandria,11,3,1,3,2,2,84061,38292
2026-01-09,port2044,El Dekheila,0,0,0,0,0,0,0,0
2026-01-09,port23,Alexandria,0,0,0,0,0,0,0,0
2026-01-10,port2044,El Dekheila,7,3,3,0,0,1,171996,7020
2026-01-10,port23,Alexandria,10,4,1,3,1,1,73037,27876
2026-01-11,port2044,El Dekheila,3,1,2,0,0,0,51801,59366
2026-01-11,port23,Alexandria,6,5,0,1,0,0,53814,23788
2026-01-12,port2044,El Dekheila,1,0,0,1,0,0,1729,786
2026-01-12,port23,Alexandria,12,3,4,2,1,2,107416,27419
2026-01-13,port2044,El Dekheila,0,0,0,0,0,0,0,0
2026-01-13,port23,Alexandria,0,0,0,0,0,0,0,0
2026-01-14,port2044,El Dekheila,6,3,1,2,0,0,34962,7603
2026-01-14,port23,Alexandria,6,1,0,3,1,1,45905,758
2026-01-15,port2044,El Dekheila,8,2,3,1,0,2,156326,20185
2026-01-15,port23,Alexandria,25,8,7,6,0,4,301512,139455
2026-01-16,port2044,El Dekheila,10,3,4,2,0,1,222478,7686
2026-01-16,port23,Alexandria,15,9,2,3,0,1,113709,70164
2026-01-17,port2044,El Dekheila,3,3,0,0,0,0,1088,3913
2026-01-17,port23,Alexandria,10,3,3,3,0,1,161312,22846
2026-01-18,port2044,El Dekheila,6,3,1,1,0,1,34074,4019
2026-01-18,port23,Alexandria,7,2,0,3,0,2,22513,22694
2026-01-19,port2044,El Dekheila,9,2,2,1,0,4,48789,33870
2026-01-19,port23,Alexandria,21,8,7,4,1,1,150341,295673
2026-01-20,port2044,El Dekheila,6,2,1,1,0,2,39312,6696
2026-01-20,port23,Alexandria,17,6,5,4,1,1,179661,45384
2026-01-21,port2044,El Dekheila,4,3,0,1,0,0,0,22364
2026-01-21,port23,Alexandria,4,2,0,1,0,1,48508,17494
2026-01-22,port2044,El Dekheila,6,2,4,0,0,0,70526,81817
2026-01-22,port23,Alexandria,11,8,0,1,0,2,39817,246429
2026-01-23,port2044,El Dekheila,3,2,1,0,0,0,39667,7579
2026-01-23,port23,Alexandria,9,4,1,1,1,2,19497,37864
2026-01-24,port2044,El Dekheila,5,3,2,0,0,0,38862,17838
2026-01-24,port23,Alexandria,13,6,4,2,0,1,194555,91186
2026-01-25,port2044,El Dekheila,3,0,2,1,0,0,3430,3378
2026-01-25,port23,Alexandria,2,2,0,0,0,0,31090,7464
2026-01-26,port2044,El Dekheila,7,4,2,0,0,1,107592,14553
2026-01-26,port23,Alexandria,21,5,6,7,0,3,144645,57980
2026-01-27,port2044,El Dekheila,1,0,1,0,0,0,66635,0
2026-01-27,port23,Alexandria,5,1,0,2,1,1,20257,13484
2026-01-28,port2044,El Dekheila,3,1,0,1,0,1,0,44583
2026-01-28,port23,Alexandria,4,2,1,0,1,0,45010,20021
2026-01-29,port2044,El Dekheila,6,2,2,2,0,0,101241,36081
2026-01-29,port23,Alexandria,15,7,2,4,0,2,66785,140810
2026-01-30,port2044,El Dekheila,3,1,1,0,0,1,81661,26006
2026-01-30,port23,Alexandria,10,5,2,0,1,2,132562,184215
2026-01-31,port2044,El Dekheila,2,0,0,1,0,1,981,0
2026-01-31,port23,Alexandria,8,4,1,2,0,1,61921,30601
2026-02-01,port2044,El Dekheila,3,2,1,0,0,0,0,27621
2026-02-01,port23,Alexandria,9,2,1,4,1,1,66759,60752
2026-02-02,port2044,El Dekheila,1,0,1,0,0,0,31237,0
2026-02-02,port23,Alexandria,10,3,2,3,0,2,182779,18462
2026-02-03,port2044,El Dekheila,6,2,1,1,0,2,41691,23006
2026-02-03,port23,Alexandria,11,2,3,3,1,2,152933,9816
2026-02-04,port2044,El Dekheila,9,4,1,0,0,4,35813,17487
2026-02-04,port23,Alexandria,12,4,2,5,0,1,91898,29891
2026-02-05,port2044,El Dekheila,6,2,3,0,0,1,88785,40493
2026-02-05,port23,Alexandria,9,3,1,4,0,1,83028,43116
2026-02-06,port2044,El Dekheila,5,3,1,0,0,1,39130,12184
2026-02-06,port23,Alexandria,9,4,1,3,0,1,48978,38669
2026-02-07,port2044,El Dekheila,8,3,1,3,0,1,60528,18822
2026-02-07,port23,Alexandria,12,5,3,1,1,2,60694,78375
2026-02-08,port2044,El Dekheila,4,2,2,0,0,0,45114,15285
2026-02-08,port23,Alexandria,7,2,0,2,0,3,23308,2691
2026-02-09,port2044,El Dekheila,5,2,2,1,0,0,82540,7030
2026-02-09,port23,Alexandria,11,3,4,3,0,1,64200,83553
2026-02-10,port2044,El Dekheila,5,3,2,0,0,0,96581,32401
2026-02-10,port23,Alexandria,6,3,2,1,0,0,123515,613
2026-02-11,port2044,El Dekheila,6,5,1,0,0,0,177226,8880
2026-02-11,port23,Alexandria,11,6,2,2,0,1,98690,144492
2026-02-12,port2044,El Dekheila,5,3,1,1,0,0,3150,26422
2026-02-12,port23,Alexandria,7,3,2,1,0,1,25798,22860
2026-02-13,port2044,El Dekheila,3,1,1,0,0,1,35609,6378
2026-02-13,port23,Alexandria,7,1,2,4,0,0,72194,5154
2026-02-14,port2044,El Dekheila,8,4,3,1,0,0,136244,30463
2026-02-14,port23,Alexandria,5,3,0,1,1,0,98331,39431
2026-02-15,port2044,El Dekheila,3,0,1,2,0,0,40907,6687
2026-02-15,port23,Alexandria,9,3,4,2,0,0,166010,31779
2026-02-16,port2044,El Dekheila,3,1,0,1,0,1,15220,10964
2026-02-16,port23,Alexandria,17,4,6,2,3,2,180662,26901
2026-02-17,port2044,El Dekheila,7,3,2,1,0,1,73100,4483
2026-02-17,port23,Alexandria,7,1,3,1,0,2,58083,62298
2026-02-18,port2044,El Dekheila,1,0,0,0,0,1,33847,0
2026-02-18,port23,Alexandria,0,0,0,0,0,0,0,0
2026-02-19,port2044,El Dekheila,4,0,1,1,0,2,14254,84875
2026-02-19,port23,Alexandria,4,3,1,0,0,0,37263,57560
2026-02-20,port2044,El Dekheila,2,1,0,1,0,0,263,4400
2026-02-20,port23,Alexandria,14,4,3,5,0,2,167453,42819
2026-02-21,port2044,El Dekheila,4,4,0,0,0,0,2192,8992
2026-02-21,port23,Alexandria,12,5,3,2,0,2,130983,45628
2026-02-22,port2044,El Dekheila,2,1,1,0,0,0,0,70458
2026-02-22,port23,Alexandria,7,3,3,1,0,0,94716,47123
2026-02-23,port2044,El Dekheila,4,2,1,0,0,1,36463,21773
2026-02-23,port23,Alexandria,17,5,1,5,2,4,103502,26353
2026-02-24,port2044,El Dekheila,7,5,0,1,0,1,17856,19434
2026-02-24,port23,Alexandria,8,4,1,2,1,0,39718,124358
2026-02-25,port2044,El Dekheila,3,1,1,1,0,0,26652,3388
2026-02-25,port23,Alexandria,6,1,1,2,1,1,18564,5803
2026-02-26,port2044,El Dekheila,1,0,0,1,0,0,168,0
2026-02-26,port23,Alexandria,6,1,3,1,1,0,93870,19203
2026-02-27,port2044,El Dekheila,8,6,0,0,0,2,31738,46423
2026-02-27,port23,Alexandria,9,2,1,3,1,2,8044,55469
2026-02-28,port2044,El Dekheila,8,4,3,0,0,1,149820,66866
2026-02-28,port23,Alexandria,13,5,2,4,1,1,113943,67297
2026-03-01,port2044,El Dekheila,4,3,1,0,0,0,37917,8692
2026-03-01,port23,Alexandria,9,3,1,5,0,0,32477,49739
2026-03-02,port2044,El Dekheila,3,1,1,0,0,1,59366,9098
2026-03-02,port23,Alexandria,16,5,2,6,1,2,158854,24977
2026-03-03,port2044,El Dekheila,2,2,0,0,0,0,3712,4981
2026-03-03,port23,Alexandria,13,5,2,5,0,1,67897,57599
2026-03-04,port2044,El Dekheila,6,2,2,0,0,2,64217,22812
2026-03-04,port23,Alexandria,8,3,2,3,0,0,68942,52297
2026-03-05,port2044,El Dekheila,6,2,2,2,0,0,107846,6480
2026-03-05,port23,Alexandria,9,3,5,0,0,1,356083,74940
2026-03-06,port2044,El Dekheila,6,2,1,1,0,2,58806,27457
2026-03-06,port23,Alexandria,3,0,2,1,0,0,47936,6678
2026-03-07,port2044,El Dekheila,7,2,3,1,0,1,207817,94643
2026-03-07,port23,Alexandria,13,3,1,6,2,1,17540,26949
2026-03-08,port2044,El Dekheila,0,0,0,0,0,0,0,0
2026-03-08,port23,Alexandria,10,3,4,2,0,1,165053,37575
2026-03-09,port2044,El Dekheila,9,6,2,0,0,1,102870,28719
2026-03-09,port23,Alexandria,19,5,5,5,1,3,225717,51429
2026-03-10,port2044,El Dekheila,8,3,0,3,0,2,20092,23271
2026-03-10,port23,Alexandria,12,4,1,3,1,3,79958,119436
2026-03-11,port2044,El Dekheila,7,3,2,1,0,1,76652,23663
2026-03-11,port23,Alexandria,12,4,2,4,0,2,99898,59407
2026-03-12,port2044,El Dekheila,9,4,3,1,0,1,82736,21610
2026-03-12,port23,Alexandria,10,2,5,2,0,1,119107,58697
2026-03-13,port2044,El Dekheila,4,1,1,1,0,1,90930,2179
2026-03-13,port23,Alexandria,12,4,2,4,2,0,55356,53707
2026-03-14,port2044,El Dekheila,0,0,0,0,0,0,0,0
2026-03-14,port23,Alexandria,0,0,0,0,0,0,0,0
2026-03-15,port2044,El Dekheila,0,0,0,0,0,0,0,0
2026-03-15,port23,Alexandria,0,0,0,0,0,0,0,0
2026-03-16,port2044,El Dekheila,12,3,6,2,0,1,261468,29022
2026-03-16,port23,Alexandria,28,7,6,8,5,2,195515,90127
2026-03-17,port2044,El Dekheila,2,1,0,0,0,1,5905,13498
2026-03-17,port23,Alexandria,15,4,7,2,0,2,147863,129120
2026-03-18,port2044,El Dekheila,5,1,1,2,0,1,44785,18469
2026-03-18,port23,Alexandria,8,4,1,0,1,2,67694,38137
2026-03-19,port2044,El Dekheila,0,0,0,0,0,0,0,0
2026-03-19,port23,Alexandria,2,1,0,1,0,0,9692,10494
2026-03-20,port2044,El Dekheila,1,1,0,0,0,0,0,15193
2026-03-20,port23,Alexandria,4,1,0,0,2,1,43526,9881
2026-03-21,port2044,El Dekheila,3,0,1,0,0,2,49917,55297
2026-03-21,port23,Alexandria,4,0,3,0,0,1,62282,6628
2026-03-22,port2044,El Dekheila,4,3,0,1,0,0,16421,6247
2026-03-22,port23,Alexandria,9,2,2,3,1,1,98716,28762
2026-03-23,port2044,El Dekheila,10,5,4,0,0,1,162344,78106
2026-03-23,port23,Alexandria,14,6,2,4,0,2,147955,136864
2026-03-24,port2044,El Dekheila,6,4,1,0,0,1,69996,28077
2026-03-24,port23,Alexandria,19,6,6,2,2,3,188997,145508
2026-03-25,port2044,El Dekheila,0,0,0,0,0,0,0,0
2026-03-25,port23,Alexandria,12,6,1,4,0,1,78575,124881
2026-03-26,port2044,El Dekheila,8,3,4,0,0,1,78515,59719
2026-03-26,port23,Alexandria,10,4,1,3,1,1,53284,39300
2026-03-27,port2044,El Dekheila,5,2,1,1,0,1,39177,33397
2026-03-27,port23,Alexandria,10,6,2,1,0,1,234272,25434
2026-03-28,port2044,El Dekheila,8,2,2,3,0,1,86487,23921
2026-03-28,port23,Alexandria,5,1,1,3,0,0,38598,18150
2026-03-29,port2044,El Dekheila,2,2,0,0,0,0,3289,6727
2026-03-29,port23,Alexandria,4,2,1,1,0,0,72590,16519
2026-03-30,port2044,El Dekheila,4,2,2,0,0,0,175219,0
2026-03-30,port23,Alexandria,14,5,5,3,0,1,191279,75867
2026-03-31,port2044,El Dekheila,9,5,1,2,0,1,64343,22656
2026-03-31,port23,Alexandria,13,5,4,2,1,1,101346,46485
2026-04-01,port2044,El Dekheila,8,2,4,1,0,1,116638,19049
2026-04-01,port23,Alexandria,8,1,2,3,1,1,52389,17451
2026-04-02,port2044,El Dekheila,5,2,1,0,0,2,44161,16728
2026-04-02,port23,Alexandria,9,2,2,2,0,3,83587,58097
2026-04-03,port2044,El Dekheila,5,1,4,0,0,0,141254,18232
2026-04-03,port23,Alexandria,11,5,2,3,0,1,67015,65661
2026-04-04,port2044,El Dekheila,8,4,2,1,1,0,36589,91188
2026-04-04,port23,Alexandria,7,3,2,0,1,1,85829,58796
2026-04-05,port2044,El Dekheila,3,2,1,0,0,0,38492,7568
2026-04-05,port23,Alexandria,9,5,3,1,0,0,106390,40700
2026-04-06,port2044,El Dekheila,9,3,3,2,0,1,132331,24895
2026-04-06,port23,Alexandria,20,3,8,8,1,0,162277,148673
2026-04-07,port2044,El Dekheila,5,2,1,1,0,1,46555,42734
2026-04-07,port23,Alexandria,8,2,2,2,1,1,78350,26744
2026-04-08,port2044,El Dekheila,8,2,3,2,0,1,147607,6778
2026-04-08,port23,Alexandria,13,3,4,5,0,1,167986,51945
2026-04-09,port2044,El Dekheila,4,2,1,0,0,1,42147,11197
2026-04-09,port23,Alexandria,9,3,1,5,0,0,43441,25552
2026-04-10,port2044,El Dekheila,4,1,2,1,0,0,78845,12921
2026-04-10,port23,Alexandria,8,3,1,3,0,1,82053,131410
